
CREATE DATABASE ssd_sample_database2;
GO
USE ssd_sample_database2


CREATE TABLE  image_procedure (
    image_procedure_id INT,
    image_procedure VARCHAR(50)
);
INSERT INTO image_procedure VALUES
    (1,'?'),
    (2,'Af'),
    (3,'Af_1400'),
    (4,'Af_oct'),
    (5,'Anterior segment'),
    (6,'Blue'),
    (7,'Central 10-2 threshold test'),
    (8,'Central 24-2 threshold test'),
    (9,'Central 30-2 threshold test'),
    (10,'Central 64 point screening test'),
    (11,'Central 76 point suprathreshold test'),
    (12,'cl'),
    (13,'Color'),
    (47,'Color Fundus'),
    (14,'Color_7200'),
    (15,'colq'),
    (16,'coq'),
    (17,'Drivers license kinetic'),
    (18,'Esterman binocular'),
    (19,'Esterman monocular'),
    (20,'Esterman monocular suprathreshold test'),
    (21,'FA'),
    (22,'Fa_1400'),
    (23,'Fa_icga'),
    (24,'FP'),
    (25,'Full field 120 point screening test'),
    (26,'Full field 120 point suprathreshold test'),
    (27,'fundus'),
    (28,'ICG'),
    (29,'Icg_1400'),
    (30,'Icga'),
    (31,'Imaging'),
    (32,'Ir'),
    (33,'Ir_oct'),
    (34,'Iraf'),
    (35,'Macula threshold'),
    (36,'Macula threshold test'),
    (37,'Macular'),
    (38,'Nerve Fiber'),
    (39,'Optic disc'),
    (40,'Peripheral 60 point screening test'),
    (41,'Rf_1400'),
    (42,'Rf_oct'),
    (43,'sd'),
    (46,'SDP'),
    (45,'slit lamp'),
    (44,'Superior 36 point suprathreshold test');


CREATE TABLE  exam_deid (
    exam_id INT,
    pt_id INT,
    exam_date DATETIME
);
INSERT INTO exam_deid VALUES
    (4626,36440,'2016-11-07 00:00:00'),
    (4629,36440,'2016-12-07 00:00:00'),
    (4631,36440,'2017-01-18 00:00:00'),
    (4633,36440,'2017-03-01 00:00:00'),
    (4635,36440,'2017-04-19 00:00:00'),
    (4637,36440,'2017-06-06 00:00:00'),
    (4639,36440,'2017-08-02 00:00:00'),
    (4642,36440,'2017-10-04 00:00:00'),
    (4644,36440,'2018-01-29 00:00:00'),
    (4645,36440,'2018-01-31 00:00:00'),
    (4646,36440,'2018-01-31 00:00:00'),
    (12380,50765,'2019-05-03 00:00:00'),
    (12381,50765,'2012-08-24 00:00:00'),
    (12382,50765,'2012-07-06 00:00:00'),
    (12383,50765,'2012-04-27 00:00:00'),
    (12384,50765,'2012-03-16 00:00:00'),
    (12385,50765,'2011-12-02 00:00:00'),
    (25714,53754,'2018-06-26 00:00:00'),
    (27162,20676,'2018-08-09 00:00:00'),
    (50397,59153,'2015-07-11 00:00:00'),
    (50398,59153,'2015-07-11 00:00:00'),
    (65162,64153,'2017-08-13 00:00:00'),
    (65163,64153,'2017-08-13 00:00:00'),
    (66599,64656,'2019-04-03 00:00:00'),
    (70446,66166,'2018-09-30 00:00:00'),
    (70449,66166,'2018-09-30 00:00:00'),
    (70461,66172,'2020-04-10 00:00:00'),
    (70462,66172,'2020-04-10 00:00:00'),
    (71176,66475,'2021-01-09 00:00:00'),
    (242266,53754,'2014-07-24 00:00:00'),
    (524958,64656,'2017-11-14 00:00:00');


CREATE TABLE  image_deid (
    image_id INT,
    pt_id INT,
    image_num INT,
    image_type VARCHAR(50) ,
    image_laterality VARCHAR(50) ,
    exam_id INT,
    device_id INT,
    image_procedure_id INT
);
INSERT INTO image_deid VALUES
    (2193345,59153,1,NULL,NULL,50397,NULL,27),
    (2193346,59153,2,NULL,NULL,50397,NULL,27),
    (2193347,59153,3,NULL,NULL,50397,NULL,27),
    (2193348,59153,4,NULL,NULL,50397,NULL,27),
    (2193349,59153,5,NULL,NULL,50397,NULL,27),
    (2193350,59153,6,NULL,NULL,50397,NULL,27),
    (2193351,59153,7,NULL,NULL,50397,NULL,27),
    (2193352,59153,8,NULL,NULL,50397,NULL,27),
    (2193353,59153,9,NULL,NULL,50397,NULL,27),
    (2193354,59153,10,NULL,NULL,50397,NULL,27),
    (1313149,20676,0,'Image','OD',27162,2,2),
    (1313150,20676,0,'Image','OS',27162,2,32),
    (1313151,20676,0,'Image','OS',27162,2,2),
    (1313152,20676,0,'Image','OD',27162,2,2),
    (1313153,20676,1,'Image','OD',27162,2,2),
    (1313154,20676,2,'Image','OD',27162,2,2),
    (1313155,20676,3,'Image','OD',27162,2,2),
    (1313156,20676,4,'Image','OD',27162,2,2),
    (1313157,20676,0,'Image','OD',27162,2,21),
    (1313158,20676,1,'Image','OD',27162,2,21),
    (1218024,66475,1,'OCT','OD',71176,2,33),
    (1218025,66475,2,'OCT','OD',71176,2,33),
    (1218026,66475,3,'OCT','OD',71176,2,33),
    (1218027,66475,4,'OCT','OD',71176,2,33),
    (1218028,66475,5,'OCT','OD',71176,2,33),
    (1218029,66475,6,'OCT','OD',71176,2,33),
    (1218030,66475,7,'OCT','OD',71176,2,33),
    (1218031,66475,8,'OCT','OD',71176,2,33),
    (1218032,66475,9,'OCT','OD',71176,2,33),
    (1218033,66475,10,'OCT','OD',71176,2,33),
    (1190360,66172,1,'OCT','OD',70461,2,33),
    (1190361,66172,2,'OCT','OD',70461,2,33),
    (1190362,66172,3,'OCT','OD',70461,2,33),
    (1190363,66172,4,'OCT','OD',70461,2,33),
    (1190364,66172,5,'OCT','OD',70461,2,33),
    (1190365,66172,6,'OCT','OD',70461,2,33),
    (1190366,66172,7,'OCT','OD',70461,2,33),
    (1190367,66172,8,'OCT','OD',70461,2,33),
    (1190368,66172,9,'OCT','OD',70461,2,33),
    (1190369,66172,10,'OCT','OD',70461,2,33),
    (1189589,66166,1,NULL,NULL,70446,NULL,21),
    (1189590,66166,2,NULL,NULL,70446,NULL,21),
    (1189591,66166,3,NULL,NULL,70446,NULL,21),
    (1189592,66166,4,NULL,NULL,70446,NULL,21),
    (1189593,66166,5,NULL,NULL,70446,NULL,21),
    (1189594,66166,6,NULL,NULL,70446,NULL,21),
    (1189595,66166,7,NULL,NULL,70446,NULL,21),
    (1189596,66166,8,NULL,NULL,70446,NULL,21),
    (1189597,66166,9,NULL,NULL,70446,NULL,21),
    (1189598,66166,10,NULL,NULL,70446,NULL,21),
    (1032181,64656,0,'Image','OS',66599,2,21),
    (1032182,64656,5,'Image','OS',66599,2,21),
    (1032183,64656,15,'Image','OS',66599,2,21),
    (1032184,64656,16,'Image','OS',66599,2,21),
    (1032185,64656,17,'Image','OS',66599,2,21),
    (1032186,64656,19,'Image','OS',66599,2,21),
    (1032187,64656,20,'Image','OS',66599,2,21),
    (1032188,64656,21,'Image','OS',66599,2,21),
    (1032189,64656,22,'Image','OS',66599,2,21),
    (1032190,64656,0,'Image','OS',66599,2,21),
    (960330,64153,1,'OCT','OD',65162,2,33),
    (960331,64153,2,'OCT','OD',65162,2,33),
    (960332,64153,3,'OCT','OD',65162,2,33),
    (960333,64153,4,'OCT','OD',65162,2,33),
    (960334,64153,5,'OCT','OD',65162,2,33),
    (960335,64153,6,'OCT','OD',65162,2,33),
    (960336,64153,7,'OCT','OD',65162,2,33),
    (960337,64153,8,'OCT','OD',65162,2,33),
    (960338,64153,9,'OCT','OD',65162,2,33),
    (960339,64153,10,'OCT','OD',65162,2,33),
    (855924,53754,0,'Image','OD',25714,2,2),
    (855925,53754,0,'Image','OS',25714,2,2),
    (855926,53754,6,'Image','OD',25714,2,21),
    (855927,53754,7,'Image','OD',25714,2,21),
    (855928,53754,8,'Image','OD',25714,2,21),
    (855929,53754,9,'Image','OD',25714,2,21),
    (855930,53754,10,'Image','OD',25714,2,21),
    (855931,53754,11,'Image','OD',25714,2,21),
    (855932,53754,12,'Image','OD',25714,2,21),
    (855933,53754,13,'Image','OD',25714,2,21),
    (357534,36440,1,'OCT','OD',4626,21,33),
    (357535,36440,2,'OCT','OD',4626,21,33),
    (357536,36440,3,'OCT','OD',4626,21,33),
    (357537,36440,4,'OCT','OD',4626,21,33),
    (357538,36440,5,'OCT','OD',4626,21,33),
    (357539,36440,6,'OCT','OD',4626,21,33),
    (357540,36440,7,'OCT','OD',4626,21,33),
    (357541,36440,8,'OCT','OD',4626,21,33),
    (357542,36440,9,'OCT','OD',4626,21,33),
    (357543,36440,10,'OCT','OD',4626,21,33),
    (62969,50765,1,'OCT','OD',12380,21,33),
    (62970,50765,2,'OCT','OD',12380,21,33),
    (62971,50765,3,'OCT','OD',12380,21,33),
    (62972,50765,4,'OCT','OD',12380,21,33),
    (62973,50765,5,'OCT','OD',12380,21,33),
    (62974,50765,6,'OCT','OD',12380,21,33),
    (62975,50765,7,'OCT','OD',12380,21,33),
    (62976,50765,8,'OCT','OD',12380,21,33),
    (62977,50765,9,'OCT','OD',12380,21,33),
    (62978,50765,10,'OCT','OD',12380,21,33);
