
CREATE DATABASE ssd_sample_database1;
GO
USE ssd_sample_database1


CREATE TABLE pt_deid (
    pt_id INT,
    dob DATETIME,
    over_90 SMALLINT,
    race_1 VARCHAR(50)
);
INSERT INTO pt_deid VALUES
    (20676,'1972-02-15 00:00:00',0,'Not Hispanic or Latino'),
    (36440,'1950-10-15 00:00:00',0,'Not Hispanic or Latino'),
    (50765,'1950-07-09 00:00:00',0,'Not Hispanic or Latino'),
    (53754,'1977-02-07 00:00:00',0,'Declined'),
    (59153,'1983-04-17 00:00:00',0,'Declined'),
    (64153,'1947-02-02 00:00:00',0,'Hispanic or Latino'),
    (64656,'1971-10-09 00:00:00',0,'Not Hispanic or Latino'),
    (66166,'1974-05-10 00:00:00',0,'Declined'),
    (66172,'1953-05-08 00:00:00',0,'Declined'),
    (66475,'1956-07-10 00:00:00',0,'Not Hispanic or Latino');


CREATE TABLE  diagnosis_deid (
    diagnosis_id INT,
    pt_id INT,
    diagnosis_code VARCHAR(50) ,
    diagnosis_code_set VARCHAR(50) ,
    diagnosis_start_dt DATETIME,
    diagnosis_end_dt DATETIME,
    diagnosis_name VARCHAR(120)
);
INSERT INTO diagnosis_deid VALUES
    (15017433,50765,'SNOMED#46177005','SNOMED CT','2019-03-01 00:00:00',NULL,'End-stage renal disease (disorder)'),
    (15017434,50765,'709.9','ICD-9-CM','2016-12-09 00:00:00',NULL,'Unspecified disorder of skin and subcutaneous tissue'),
    (15017435,50765,'S52.552A','ICD-10-CM','2019-11-08 00:00:00',NULL,'Other extraarticular fracture of lower end of left radius, initial encounter for closed fracture'),
    (15017436,50765,'SNOMED#90560007','SNOMED CT','2012-12-14 00:00:00',NULL,'Gout (disorder)'),
    (15017437,50765,'SNOMED#90560007','SNOMED CT','2010-03-09 00:00:00',NULL,'Gout (disorder)'),
    (15017438,50765,'N18.6','ICD-10-CM',NULL,NULL,'End stage renal disease (CMS-HCC)'),
    (15017439,50765,'F31.9','ICD-10-CM','2014-09-30 00:00:00',NULL,'Bipolar I disorder, most recent episode (or current) unspecified (CMS-HCC)'),
    (15017440,50765,'SNOMED#46177005','SNOMED CT',NULL,NULL,'End-stage renal disease (disorder)'),
    (15017441,50765,'SNOMED#46177005','SNOMED CT','2019-03-19 00:00:00',NULL,'End-stage renal disease (disorder)'),
    (15017442,50765,'SNOMED#46177005','SNOMED CT',NULL,NULL,'End-stage renal disease (disorder)'),
    (9743153,36440,'362.35','ICD-9-CM','2018-02-28 00:00:00',NULL,'Central vein occlusion of retina'),
    (9743154,36440,'SNOMED#310366008','SNOMED CT',NULL,NULL,'Medical examinations/reports status (finding)'),
    (9743155,36440,'SNOMED#373414000','SNOMED CT','2007-06-11 00:00:00',NULL,'Nuclear sclerosis (finding)'),
    (9743156,36440,'SNOMED#162673000','SNOMED CT','2015-04-14 00:00:00',NULL,'General examination of patient (procedure)'),
    (9743157,36440,'SNOMED#68478007','SNOMED CT','2008-04-07 00:00:00',NULL,'Central retinal vein occlusion (disorder)'),
    (9743158,36440,'H35.039','ICD-10-CM','2009-02-16 00:00:00',NULL,'Hypertensive retinopathy, unspecified eye'),
    (9743159,36440,'H35.81','ICD-10-CM','2017-01-18 00:00:00',NULL,'Retinal edema'),
    (9743160,36440,'362.35','ICD-9-CM','2017-10-04 00:00:00',NULL,'Central vein occlusion of retina'),
    (9743161,36440,'365.04','ICD-9-CM','2016-02-24 00:00:00',NULL,'Borderline glaucoma with ocular hypertension'),
    (9743162,36440,'SNOMED#73761001','SNOMED CT',NULL,NULL,'Colonoscopy (procedure)'),
    (21695237,53754,'SNOMED#243878006','SNOMED CT',NULL,NULL,'Breast neoplasm screening status (finding)'),
    (21695238,53754,'785.1','ICD-9-CM','2015-01-02 15:13:00','2101-03-18 00:00:00','PALPITATIONS'),
    (21695239,53754,'M54.17','ICD-10-CM','2016-12-07 00:00:00',NULL,'Radiculopathy, lumbosacral region'),
    (21695240,53754,'D22.5','ICD-10-CM','2019-01-03 00:00:00',NULL,'Melanocytic nevi of trunk'),
    (21695241,53754,'SNOMED#202794004','SNOMED CT','2018-05-18 00:00:00',NULL,'Lumbago with sciatica (finding)'),
    (21695242,53754,'SNOMED#128196005','SNOMED CT','2019-01-22 00:00:00',NULL,'Lumbar radiculopathy (disorder)'),
    (21695243,53754,'SNOMED#28998008','SNOMED CT','2018-06-26 00:00:00',NULL,'Retinal hemorrhage (finding)'),
    (21695244,53754,'M51.36','ICD-10-CM','2016-11-16 00:00:00',NULL,'Other intervertebral disc degeneration, lumbar region'),
    (21695245,53754,'305.1','ICD-9-CM','2012-08-30 12:49:09','2101-03-18 00:00:00','TOBACCO USE DISORDER'),
    (21695246,53754,'SNOMED#15805002','SNOMED CT','2018-10-09 00:00:00',NULL,'Acute sinusitis (disorder)'),
    (35764924,64153,'199.1','ICD-9-CM',NULL,NULL,'Other malignant neoplasm without specification of site (CMS-HCC)'),
    (35764925,64153,'SNOMED#232048009','SNOMED CT','2017-08-13 00:00:00',NULL,'Branch retinal vein occlusion with macular edema (disorder)'),
    (35764926,64153,'SNOMED#422338006','SNOMED CT','2017-10-08 00:00:00',NULL,'Degenerative disorder of macula (disorder)'),
    (35764927,64153,'H34.8330','ICD-10-CM','2017-08-13 00:00:00',NULL,'Tributary (branch) retinal vein occlusion, bilateral, with macular edema'),
    (35764928,64153,'434.91','ICD-9-CM',NULL,NULL,'Unspecified cerebral artery occlusion with cerebral infarction (CMS-HCC)'),
    (35764929,64153,'434.91','ICD-9-CM',NULL,NULL,'Unspecified cerebral artery occlusion with cerebral infarction (CMS-HCC)'),
    (35764930,64153,'SNOMED#232048009','SNOMED CT','2018-01-15 00:00:00',NULL,'Branch retinal vein occlusion with macular edema (disorder)'),
    (35764931,64153,'H34.8330','ICD-10-CM','2017-08-13 00:00:00',NULL,'Tributary (branch) retinal vein occlusion, bilateral, with macular edema'),
    (35764932,64153,'362.83','ICD-9-CM','2018-01-15 00:00:00',NULL,'Retinal edema'),
    (35764933,64153,'H34.8330','ICD-10-CM','2018-01-15 00:00:00',NULL,'Tributary (branch) retinal vein occlusion, bilateral, with macular edema'),
    (36252914,64656,'250.5','ICD-9-CM','2018-01-31 00:00:00',NULL,'Type II or unspecified type diabetes mellitus with ophthalmic manifestations, not stated as uncontrolled(250.50)'),
    (36252915,64656,'362.16','ICD-9-CM','2017-11-14 00:00:00',NULL,'Retinal neovascularization NOS'),
    (36252916,64656,'SNOMED#44054006','SNOMED CT','2018-08-05 00:00:00',NULL,'Diabetes mellitus type 2 (disorder)'),
    (36252917,64656,'V15.88','ICD-9-CM','2019-03-26 00:00:00',NULL,'Personal history of fall'),
    (36252918,64656,'SNOMED#57190000','SNOMED CT','2019-03-06 00:00:00',NULL,'Myopia (disorder)'),
    (36252919,64656,'Z86.718','ICD-10-CM','2019-03-18 00:00:00',NULL,'Personal history of venous thrombosis and embolism'),
    (36252920,64656,'SNOMED#230572002','SNOMED CT','2019-03-18 00:00:00',NULL,'Neuropathy co-occurrent and due to diabetes mellitus (disorder)'),
    (36252921,64656,'SNOMED#406151001','SNOMED CT','2019-02-19 00:00:00',NULL,'Post-discharge follow-up (finding)'),
    (36252922,64656,'SNOMED#230690007','SNOMED CT','2018-05-23 00:00:00',NULL,'Cerebrovascular accident (disorder)'),
    (36252923,64656,'362.32','ICD-9-CM','2017-11-22 00:00:00',NULL,'Arterial branch occlusion of retina'),
    (37779639,66166,'Z98.890','ICD-10-CM','2018-09-30 00:00:00',NULL,'Personal history of surgery to other organs'),
    (37779640,66166,'H35.063','ICD-10-CM','2018-09-30 00:00:00',NULL,'Retinal vasculitis, bilateral'),
    (37779641,66166,'E66.01','ICD-10-CM','2014-10-31 00:00:00',NULL,'Morbid obesity (CMS-HCC)'),
    (37779642,66166,'H40.003','ICD-10-CM','2018-09-30 00:00:00',NULL,'Preglaucoma, unspecified, bilateral'),
    (37779643,66166,'SNOMED#300980002','SNOMED CT','2017-06-24 00:00:00',NULL,'Normocytic anemia (disorder)'),
    (37779644,66166,'SNOMED#59621000','SNOMED CT','2018-01-05 00:00:00',NULL,'Essential hypertension (disorder)'),
    (37779645,66166,'H30.92','ICD-10-CM','2018-09-30 00:00:00',NULL,'Unspecified chorioretinal inflammation, left eye'),
    (37779646,66166,'Z68.43','ICD-10-CM','2014-10-31 00:00:00',NULL,'Body mass index 50.0-59.9, adult (CMS-HCC)'),
    (37779647,66166,'SNOMED#161615003','SNOMED CT','2018-09-30 00:00:00',NULL,'History of surgery (situation)'),
    (37779648,66166,'SNOMED#46627006','SNOMED CT','2018-09-30 00:00:00',NULL,'Chorioretinitis (disorder)'),
    (37784980,66172,'SNOMED#128473001','SNOMED CT','2020-04-10 00:00:00',NULL,'Uveitis (disorder)'),
    (37784981,66172,'H20.13','ICD-10-CM',NULL,NULL,'Chronic iridocyclitis, bilateral'),
    (37784982,66172,'362.18','ICD-9-CM','2020-04-10 14:26:00',NULL,'Retinal vasculitis'),
    (37784983,66172,'364.1','ICD-9-CM','2020-04-10 00:00:00',NULL,'Chronic iridocyclitis, unspecified'),
    (37784984,66172,'H35.353','ICD-10-CM','2020-06-20 00:00:00',NULL,'Cystoid macular degeneration, bilateral'),
    (37784985,66172,'362.53','ICD-9-CM','2020-05-01 00:00:00',NULL,'Cystoid macular degeneration of retina'),
    (37784986,66172,'SNOMED#77971008','SNOMED CT',NULL,NULL,'Iridocyclitis (disorder)'),
    (37784987,66172,'SNOMED#77628002','SNOMED CT','2020-04-10 00:00:00',NULL,'Retinal vasculitis (disorder)'),
    (37784988,66172,'SNOMED#77971008','SNOMED CT','2020-04-10 00:00:00',NULL,'Iridocyclitis (disorder)'),
    (37784989,66172,'SNOMED#77628002','SNOMED CT','2020-08-12 00:00:00',NULL,'Retinal vasculitis (disorder)'),
    (38045330,66475,'692.9','ICD-9-CM','2015-06-05 00:00:00',NULL,'Contact dermatitis and other eczema, due to unspecified cause'),
    (38045331,66475,'E78.4','ICD-10-CM','2018-12-22 00:00:00',NULL,'Other hyperlipidemia'),
    (38045332,66475,'Z23','ICD-10-CM','2012-03-23 00:00:00',NULL,'Need for prophylactic vaccination with unspecified combined vaccine'),
    (38045333,66475,'182','ICD-9-CM','2006-12-07 00:00:00',NULL,'Malignant neoplasm of corpus uteri, except isthmus'),
    (38045334,66475,'SNOMED#428941002','SNOMED CT','2019-12-27 00:00:00',NULL,'History of malignant neoplasm of uterine body (situation)'),
    (38045335,66475,'Z13.820','ICD-10-CM','2017-12-30 00:00:00',NULL,'Special screening for osteoporosis'),
    (38045336,66475,'E78.2','ICD-10-CM','2009-01-12 00:00:00',NULL,'Mixed hyperlipidemia'),
    (38045337,66475,'C55','ICD-10-CM',NULL,NULL,'Malignant neoplasm of uterus, part unspecified (CMS-HCC)'),
    (38045338,66475,'C54.9','ICD-10-CM','2006-11-09 00:00:00',NULL,'Malignant neoplasm of other specified sites of body of uterus (CMS-HCC)'),
    (38045339,66475,'SNOMED#243878006','SNOMED CT','2019-12-27 00:00:00',NULL,'Breast neoplasm screening status (finding)'),
    (22198049,20676,'V58.83','ICD-9-CM','2014-05-02 15:28:00','2100-11-28 00:00:00','ENCOUNTER FOR THERAPEUTIC DRUG MONITORING'),
    (22198050,20676,'V76.10','ICD-9-CM','2013-12-04 00:00:00',NULL,'Breast screening, unspecified'),
    (22198051,20676,'SNOMED#249366005','SNOMED CT','2018-02-18 00:00:00',NULL,'Bleeding from nose (finding)'),
    (22198052,20676,'SNOMED#243876005','SNOMED CT','2018-07-25 16:47:00',NULL,'Screening status (finding)'),
    (22198053,20676,'SNOMED#309298003','SNOMED CT','2017-01-14 00:00:00',NULL,'Drug therapy finding (finding)'),
    (22198054,20676,'SNOMED#243878006','SNOMED CT','2013-12-04 00:00:00',NULL,'Breast neoplasm screening status (finding)'),
    (22198055,20676,'135','ICD-9-CM','2015-04-29 00:00:00',NULL,'Sarcoidosis'),
    (22198056,20676,'135','ICD-9-CM','2014-12-11 00:00:00',NULL,'Sarcoidosis'),
    (22198057,20676,'SNOMED#68235000','SNOMED CT','2017-01-14 00:00:00',NULL,'Nasal congestion (finding)'),
    (22198058,20676,'SNOMED#305058001','SNOMED CT','2015-09-17 00:00:00',NULL,'Patient encounter status (finding)'),
    (30257757,59153,'SNOMED#161891005','SNOMED CT','2016-11-05 00:00:00',NULL,'Backache (finding)'),
    (30257758,59153,'H20.13','ICD-10-CM','2015-07-11 00:00:00',NULL,'Chronic iridocyclitis, bilateral'),
    (30257759,59153,'362.18','ICD-9-CM','2016-09-30 00:00:00',NULL,'Retinal vasculitis'),
    (30257760,59153,'SNOMED#77971008','SNOMED CT','2015-07-11 00:00:00',NULL,'Iridocyclitis (disorder)'),
    (30257761,59153,'473.9','ICD-9-CM','2016-11-02 00:00:00',NULL,'Unspecified sinusitis (chronic)'),
    (30257762,59153,'SNOMED#28998008','SNOMED CT','2016-11-02 00:00:00',NULL,'Retinal hemorrhage (finding)'),
    (30257763,59153,'H35.069','ICD-10-CM','2016-09-30 00:00:00',NULL,'Retinal vasculitis, unspecified eye'),
    (30257764,59153,'M54.9','ICD-10-CM','2016-11-05 00:00:00',NULL,'Dorsalgia, unspecified'),
    (30257765,59153,'SNOMED#77971008','SNOMED CT','2015-07-11 00:00:00',NULL,'Iridocyclitis (disorder)'),
    (30257766,59153,'SNOMED#36971009','SNOMED CT','2016-11-02 00:00:00',NULL,'Sinusitis (disorder)');


CREATE TABLE  lab_value_deid (
    lab_value_id INT,
    pt_id INT,
    name VARCHAR(50) ,
    loinc_code VARCHAR(50) ,
    value VARCHAR(50) ,
    value_numeric DECIMAL(18, 0),
    reference_high VARCHAR(50) ,
    reference_low VARCHAR(50) ,
    reference_normal VARCHAR(50) ,
    reference_unit VARCHAR(50) ,
    result_category VARCHAR(50) ,
    order_dt DATETIME,
    result_dt DATETIME
);
INSERT INTO lab_value_deid VALUES
    (36028665,50765,'PH ART',NULL,'7.47',7.47,'7.45','7.35',NULL,NULL,'High','2018-09-03 03:00:00','2018-09-03 03:05:00'),
    (36028666,50765,'BASE EX/DEF ART',NULL,'-3.1',-3.1,'2','-2',NULL,'mEq/L','Low','2018-09-03 03:00:00','2018-09-03 03:05:00'),
    (36028667,50765,'CALCIUM',NULL,'7.9',7.9,'10.5','8.3',NULL,'mg/dL','Low','2018-08-31 04:00:00','2018-08-31 05:01:00'),
    (36028668,50765,'HEMOGLOBIN',NULL,'6.8',6.8,'17.5','13',NULL,'g/dL','Low','2018-08-30 00:48:00','2018-08-30 04:24:00'),
    (36028669,50765,'PLATELET COUNT',NULL,'164',164,'390','140',NULL,'K/UL',NULL,'2018-09-02 21:44:00','2018-09-02 21:52:00'),
    (36028670,50765,'MCH',NULL,'31.6',31.6,'34','27',NULL,'pg',NULL,'2018-09-02 22:11:00','2018-09-02 22:21:00'),
    (36028671,50765,'VENTRICULAR RATE',NULL,'81',81,NULL,NULL,NULL,'BPM',NULL,'2018-08-29 01:48:00','2018-08-29 08:21:00'),
    (36028672,50765,'VENTRICULAR RATE',NULL,'90',90,NULL,NULL,NULL,'BPM',NULL,'2018-08-29 05:59:00','2018-08-29 08:21:00'),
    (36028673,50765,'P-R INTERVAL',NULL,'178',178,NULL,NULL,NULL,'ms',NULL,'2018-09-03 18:26:00','2018-09-04 10:29:00'),
    (36028674,50765,'HEPATITIS B CORE AB, TOTAL',NULL,'Nonreactive',NULL,NULL,NULL,'Nonreactive',NULL,NULL,'2018-08-28 16:19:00','2018-08-29 10:20:00'),
    (27835775,36440,'HEMOGLOBIN A1C',NULL,'5.8',5.8,NULL,NULL,NULL,NULL,NULL,'2018-04-11 09:20:00','2018-04-11 00:00:00'),
    (27835776,36440,'RDW',NULL,'13.1',13.1,'15','11',NULL,'%',NULL,'2014-04-14 09:49:00','2014-04-14 10:32:00'),
    (27835777,36440,'PLATELET COUNT',NULL,'275',275,'390','140',NULL,'K/UL',NULL,'2014-04-14 09:49:00','2014-04-14 10:32:00'),
    (27835778,36440,'VITAMIN D, 25-HYDROXY, TOTAL',NULL,'44',44,'100','30',NULL,'ng/mL',NULL,'2015-04-14 11:31:00','2015-04-14 14:38:00'),
    (27835779,36440,'MCH',NULL,'30.1',30.1,'34','27',NULL,'pg',NULL,'2014-04-14 09:49:00','2014-04-14 10:32:00'),
    (27835780,36440,'MCHC',NULL,'33.8',33.8,'35.5','32',NULL,'%',NULL,'2014-04-14 09:49:00','2014-04-14 10:32:00'),
    (27835781,36440,'RED CELL COUNT',NULL,'4.09',4.09,'5.2','3.8',NULL,'M/UL',NULL,'2014-04-14 09:49:00','2014-04-14 10:32:00'),
    (27835782,36440,'HEMATOCRIT',NULL,'36.4',36.4,'45','34',NULL,'%',NULL,'2014-04-14 09:49:00','2014-04-14 10:32:00'),
    (27835783,36440,'MCH',NULL,'30.6',30.6,'34','27',NULL,'pg',NULL,'2017-04-10 08:45:00','2017-04-10 10:53:00'),
    (27835784,36440,'HEMOGLOBIN',NULL,'12.8',12.8,'15.4','11.6',NULL,'g/dL',NULL,'2017-04-10 08:45:00','2017-04-10 10:53:00'),
    (44432659,53754,'CALCIUM',NULL,'9.4',9.4,'10.5','8.5',NULL,'MG/DL',NULL,'2007-02-14 12:17:00','2007-02-14 20:17:00'),
    (44432660,53754,'TOTAL BILIRUBIN',NULL,'0.6',0.6,'1.3','0',NULL,'MG/DL',NULL,'2007-02-14 12:17:00','2007-02-14 20:17:00'),
    (44432661,53754,'BASOPHIL',NULL,'1',1,'2','0',NULL,'%',NULL,'2007-02-14 12:17:00','2007-02-14 18:26:00'),
    (44432662,53754,'ABSOLUTE BASOPHILS',NULL,'0',0,'0.2','0',NULL,'K/UL',NULL,'2007-02-14 12:17:00','2007-02-14 18:26:00'),
    (44432663,53754,'TSH',NULL,'2.39',2.39,'4','0.4',NULL,'uIU/ML',NULL,'2018-05-18 12:28:00','2018-05-18 15:38:00'),
    (44432664,53754,'GFR(AFRICAN AMERICAN)',NULL,'>60',NULL,NULL,NULL,'>=60','mL/min/1.73m2',NULL,'2018-05-18 12:28:00','2018-05-18 15:27:00'),
    (44432665,53754,'ANION GAP',NULL,'8',8,'16','5',NULL,NULL,NULL,'2018-05-18 12:28:00','2018-05-18 15:27:00'),
    (44432666,53754,'Protein Total','2885-2','7.9',7.9,'8.9','6.4',NULL,NULL,'Normal','2018-05-18 12:28:20','2018-05-18 15:27:00'),
    (44432667,53754,'HEMATOCRIT',NULL,'38.8',38.8,'45','34',NULL,'%',NULL,'2018-05-18 12:28:00','2018-05-18 14:19:00'),
    (44432668,53754,'CO2',NULL,'25',25,'31','21',NULL,'mEq/L',NULL,'2018-05-18 12:28:00','2018-05-18 15:27:00'),
    (64171168,64153,'WASTE MANAGEMENT (OD)',NULL,'0.07',0.07,NULL,NULL,NULL,'cc',NULL,'2017-08-13 16:34:00','2017-08-14 15:47:00'),
    (64171169,64153,'WASTE MANAGEMENT (OD)',NULL,'0.07',0.07,NULL,NULL,NULL,'cc',NULL,'2018-01-15 13:16:00','2018-01-15 14:32:00'),
    (64714626,64656,'CO2',NULL,'31',31,'31','21',NULL,'mEq/L',NULL,'2019-03-18 14:31:00','2019-03-18 15:32:00'),
    (64714627,64656,'MAGNESIUM',NULL,'1.4',1.4,'2.7','1.5',NULL,'mg/dL','Low','2019-03-30 13:33:00','2019-03-30 17:10:00'),
    (64714628,64656,'CO2',NULL,'27',27,'31','21',NULL,'mEq/L',NULL,'2018-11-26 08:48:00','2018-11-26 11:06:00'),
    (64714629,64656,'LYMPHOCYTES',NULL,'37',37,NULL,NULL,NULL,'%',NULL,'2019-02-12 04:00:00','2019-02-12 08:40:00'),
    (64714630,64656,'MCHC',NULL,'35.6',35.6,'35.5','32',NULL,'%','High','2018-11-26 08:48:00','2018-11-26 10:25:00'),
    (64714631,64656,'eGFR-NonAfr Am','33914-3','>60',NULL,' ','>=60',NULL,NULL,'Normal','2017-07-24 16:14:40','2017-07-24 18:28:09'),
    (64714632,64656,'ALBUMIN',NULL,'4.1',4.1,'5.7','3.5','3.5-5.7','g/dL',NULL,'2017-11-08 10:35:00','2017-11-08 12:29:00'),
    (64714633,64656,'QRS DURATION',NULL,'92',92,NULL,NULL,NULL,'ms',NULL,'2017-11-13 15:02:00','2017-11-14 13:22:00'),
    (64714634,64656,'Calcium','17861-6','9.3',9.3,'10.5','8.3',NULL,NULL,'Normal','2017-11-20 16:01:12','2017-11-20 17:09:35'),
    (64714635,64656,'Absolute Monocytes','742-7','0.4',0.4,'1','0.2',NULL,NULL,'Normal','2017-11-13 17:48:41','2017-11-13 19:30:43'),
    (66619946,66172,'LYSOZYME (MURAMIDASE)',NULL,'5.5',5.5,'11','5',NULL,'mcg/mL',NULL,'2020-04-10 14:26:00','2020-04-12 11:21:00'),
    (66619947,66172,'ACE',NULL,'36',36,'67','9',NULL,'Unit/L',NULL,'2020-04-10 14:26:00','2020-04-15 14:25:00'),
    (66619948,66172,'T. PALLIDUM AB, EIA',NULL,'Negative',NULL,NULL,NULL,'Negative',NULL,NULL,'2020-04-10 14:26:00','2020-04-10 16:50:00'),
    (66619949,66172,'WASTE MANAGEMENT (OS)',NULL,'0',NULL,NULL,NULL,NULL,NULL,NULL,'2020-06-19 18:39:00','2020-06-19 18:40:00'),
    (66619950,66172,'QUANTIFERON TB GOLD',NULL,'Negative',NULL,NULL,NULL,'Negative',NULL,NULL,'2020-04-10 14:26:00','2020-04-11 22:56:00'),
    (66897376,66475,'SODIUM',NULL,'139',139,'148','135',NULL,'MEQ/L',NULL,'2010-02-08 09:40:00','2010-02-08 11:34:00'),
    (66897377,66475,'GLUCOSE',NULL,'87',87,'100','65','65-100','mg/dL',NULL,'2016-08-13 10:17:00','2016-08-13 14:06:00'),
    (66897378,66475,'BLOOD UREA NITROGEN',NULL,'12',12,'20','0',NULL,'MG/DL',NULL,'2006-11-15 00:00:00','2006-11-15 15:50:00'),
    (66897379,66475,'WHITE CELL COUNT',NULL,'4.7',4.7,'10.5','3.5',NULL,'K/UL',NULL,'2012-03-04 09:50:00','2012-03-04 13:31:00'),
    (66897380,66475,'RED CELL COUNT',NULL,'4.33',4.33,'5.2','3.8',NULL,'M/UL',NULL,'1999-12-23 00:00:00','1999-12-23 00:00:00'),
    (66897381,66475,'CALCIUM',NULL,'9',9,'10.5','8.5',NULL,'MG/DL',NULL,'2009-01-12 10:28:00','2009-01-12 15:06:00'),
    (66897382,66475,'ALBUMIN',NULL,'4',4,'5.7','3.5','3.5-5.7','g/dL',NULL,'2016-08-13 10:17:00','2016-08-13 14:06:00'),
    (66897383,66475,'CHLORIDE',NULL,'105',105,'108','95',NULL,'MEQ/L',NULL,'2010-02-08 09:40:00','2010-02-08 11:34:00'),
    (66897384,66475,'UNITS ORDERED',NULL,'0',NULL,NULL,NULL,NULL,NULL,NULL,'2006-11-24 00:00:00','2006-11-24 14:56:00'),
    (66897385,66475,'POTASSIUM',NULL,'3.9',3.9,'5','3.5',NULL,'MEQ/L',NULL,'2009-01-12 10:28:00','2009-01-12 15:06:00'),
    (44936979,20676,'FEMORAL NECK(RIGHT): Z-SCORE',NULL,'-0.4',-0.4,NULL,NULL,NULL,NULL,NULL,'2010-05-19 14:07:00','2010-06-26 20:38:00'),
    (44936980,20676,'TOTAL HIP BILATERAL AVERAGE: BMD',NULL,'0.934',0.934,NULL,NULL,NULL,'g/cm2',NULL,'2010-05-19 14:07:00','2010-06-26 20:38:00'),
    (44936981,20676,'TOTAL HIP(RIGHT): Z-SCORE',NULL,'-0.5',-0.5,NULL,NULL,NULL,NULL,NULL,'2010-05-19 14:07:00','2010-06-26 20:38:00'),
    (44936982,20676,'AGAP','10466-1','4',4,'16','5',NULL,NULL,'Low','2018-05-31 12:32:27','2018-05-31 14:45:03'),
    (44936983,20676,'Blood Urea Nitrogen','3094-0','8',8,'25','2',NULL,NULL,'Normal','2018-05-31 12:32:27','2018-05-31 14:45:03'),
    (44936984,20676,'Platelet Count','777-3','307',307,'390','140',NULL,NULL,'Normal','2017-03-10 23:24:33','2017-03-10 23:41:01'),
    (44936985,20676,'Eosinophils','713-8','2',2,' ',' ',NULL,NULL,'NA','2017-03-10 23:24:33','2017-03-10 23:41:02'),
    (44936986,20676,'Protein Total','2885-2','7',7,'8.9','6.4',NULL,NULL,'Normal','2017-01-14 15:40:30','2017-01-14 19:59:24'),
    (44936987,20676,'RDW','788-0','13.5',13.5,'15','11',NULL,NULL,'Normal','2017-01-14 15:40:29','2017-01-14 17:34:10'),
    (44936988,20676,'AST (SGOT)',NULL,'19',19,'39','0','0-39','Unit/L',NULL,'2017-03-10 23:37:00','2017-03-11 03:36:00');


CREATE TABLE  medication_deid (
    medication_id INT,
    pt_id INT,
    generic_name VARCHAR(70) ,
    therapeutic_class VARCHAR(70) ,
    order_placed_dt DATETIME,
    order_end_dt DATETIME,
    usage_directions VARCHAR(100) ,
    order_class VARCHAR(50) ,
    strength VARCHAR(50) ,
    form VARCHAR(50) ,
    number_of_doses INT,
    dose_unit VARCHAR(50) ,
    frequency VARCHAR(50)
);
INSERT INTO medication_deid VALUES
    (14797860,59153,'Prenatal Multivit-Min-Fe-FA','Nutritional Products','2015-07-11 09:00:00',NULL,'None Entered','Historic/Pt Reported/Abstract',NULL,NULL,NULL,NULL,NULL),
    (12435509,20676,'Hydroxychloroquine Sulfate Tab 200 MG','Anti-Infective Agents','2017-04-14 13:28:00','2017-04-15 00:00:00','TAKE 1 TABLET BY MOUTH TWICE A DAY','E-PRESCRIBE','200 MG','Tab',NULL,'Tab',NULL),
    (12435510,20676,'Apremilast Tab 30 MG','Analgesics & Anesthetics','2015-03-19 09:31:00','2015-04-29 00:00:00','1 TABLET TWICE DAILY','E-PRESCRIBE','30 MG','Tab',NULL,'Tab',NULL),
    (12435511,20676,'Hydroxychloroquine Sulfate Tab 200 MG','Anti-Infective Agents','2016-02-18 16:50:00','2017-03-04 00:00:00','TAKE 1 TABLET BY MOUTH TWICE A DAY','E-PRESCRIBE','200 MG','Tab',NULL,'Tab',NULL),
    (12435512,20676,'Spacer/Aerosol-Holding Chambers-Device','Miscellaneous Products','2010-12-03 16:19:00','2010-12-03 00:00:00','use as directed','Print Med',NULL,'Misc',NULL,'Each',NULL),
    (12435513,20676,'Fluticasone Propionate Nasal Susp 50 MCG/ACT','Respiratory Agents','2013-12-08 09:02:00',NULL,'INSTILL 2 SPRAYS IN EACH NOSTRIL EVERY DAY','E-PRESCRIBE','50 MCG/ACT','Suspension',NULL,NULL,NULL),
    (12435514,20676,'Fluticasone Propionate Nasal Susp 50 MCG/ACT','Respiratory Agents','2015-10-22 12:01:00',NULL,'INSTILL 2 SPRAYS IN EACH NOSTRIL EVERY DAY','E-PRESCRIBE','50 MCG/ACT','Suspension',NULL,NULL,NULL),
    (12435515,20676,'fluticasone 50 mcg/actuation nasal spray,suspension','EENT PREPS','2016-09-17 13:45:00','2016-10-21 00:00:00','SPRAY 2 SPRAYS IN EACH NOSTRIL EVERY DAY','E-prescribe','50 mcg/actuation','spray,suspension',NULL,'Bottle',NULL),
    (12435516,20676,'apremilast 30 mg tablet','ANTIARTHRITICS','2015-03-19 09:31:00','2015-04-29 00:00:00','1 TABLET TWICE DAILY','E-prescribe','30 mg','Tablet',NULL,'tablet',NULL),
    (12435517,20676,'hydroxychloroquine 200 mg tablet','ANTIINFECTIVES/MISCELLANEOUS','2018-06-20 10:29:00','2018-07-25 00:00:00','TAKE 1 TABLET BY MOUTH TWICE A DAY','E-prescribe','200 mg','Tablet',NULL,'tablet',NULL),
    (12435518,20676,'hydroxychloroquine 200 mg tablet','ANTIINFECTIVES/MISCELLANEOUS','2017-03-04 09:30:00','2017-03-12 00:00:00','TAKE 1 TABLET BY MOUTH TWICE A DAY','No Print','200 mg','Tablet',NULL,'tablet',NULL),
    (17072410,66475,'Pseudoephedrine HCl Tab 30 MG','Respiratory Agents','2000-03-04 14:38:00','2000-03-23 00:00:00','2 TABLETS EVERY 4 TO 6 HOURS AS NEEDED','Normal','30 MG','Tab',NULL,NULL,NULL),
    (17072411,66475,'Naproxen Tab 500 MG','Analgesics & Anesthetics','2005-06-10 12:01:00','2006-09-20 00:00:00','1 TAB orally 2 times daily with meals as needed','Print Med','500 MG','Tab',NULL,NULL,NULL),
    (17072412,66475,'clindamycin','anti-infectives','2006-11-24 11:41:00','2006-11-24 11:41:00',NULL,'Normal Order','1 mg','Inj',NULL,NULL,'Once'),
    (17072413,66475,'ketorolac','central nervous system agents','2006-11-26 11:55:12',NULL,NULL,'Normal Order','30 mg','Inj',1,'mL',NULL),
    (17072414,66475,'ketorolac','central nervous system agents','2006-11-26 11:31:14',NULL,NULL,'Normal Order','30 mg','Inj',1,'mL',NULL),
    (17072415,66475,'amitriptyline 10 mg tablet','PSYCHOTHERAPEUTIC DRUGS','2016-08-13 09:54:00','2017-11-10 00:00:00','one pill at night  may increase to 2 pills every night after 2 weeks','Print','10 mg','Tablet',NULL,'tablet',NULL),
    (17072416,66475,'coenzyme Q10 10 mg capsule','UNCLASSIFIED DRUG PRODUCTS','2018-01-19 15:35:00',NULL,'None Entered','Historical Med','10 mg','Capsule',NULL,NULL,NULL),
    (17072417,66475,'promethazine','respiratory agents  ;  central nervous system agents','2006-11-24 18:22:36','2006-11-25 08:03:01',NULL,'Normal Order','25 mg','Inj',0.5,'mL','Q  6 Hours'),
    (17072418,66475,'fentaNYL','central nervous system agents','2012-01-08 08:58:31','2012-01-08 08:58:31',NULL,'Pharmacy Charge Only','100 mcg','Inj',NULL,NULL,'Once'),
    (17072419,66475,'ketorolac','central nervous system agents','2006-11-26 11:55:12',NULL,NULL,'Normal Order','30 mg','Inj',1,'mL',NULL),
    (17025865,66172,'timolol ophthalmic (eye)','EENT PREPS','2020-04-10 08:39:00','2020-06-16 00:00:00','Apply  to eye.','Historical Med',NULL,NULL,NULL,NULL,NULL),
    (17025866,66172,'prednisoLONE acetate 1 % eye drops,suspension','EENT PREPS','2020-04-10 08:39:00','2020-08-13 00:00:00','1 drop 4 (four) times daily.','Historical Med','0.01','drops,suspension',NULL,'drop','4x Daily'),
    (17025867,66172,'bevacizumab 25 mg/mL intravenous solution','ANTINEOPLASTICS','2020-05-09 11:09:00',NULL,NULL,'E-prescribe','25 mg/mL','Solution',NULL,'mg',NULL),
    (17025868,66172,'prednisoLONE acetate 1 % eye drops,suspension','EENT PREPS','2020-08-13 12:30:00',NULL,'Place 1 drop into both eyes daily.','E-prescribe','0.01','drops,suspension',NULL,'Bottle','Daily'),
    (17025869,66172,'brimonidine 0.1 % eye drops','EENT PREPS','2020-08-13 12:30:00','2021-02-09 23:59:00','Place 1 drop into both eyes 3 (three) times daily for 180 days.','E-prescribe','0.001','Drops',540,'mL','TID'),
    (17025870,66172,'brimonidine 0.1 % eye drops','EENT PREPS','2020-05-08 17:37:00','2020-08-13 00:00:00','Place 1 drop into both eyes 2 (two) times daily for 180 days.','E-prescribe','0.001','Drops',360,'mL','BID'),
    (17025871,66172,'dorzolamide-timolol (PF) ophthalmic (eye)','EENT PREPS','2020-05-08 14:01:00','2020-06-16 00:00:00','Apply  to eye.','Historical Med',NULL,NULL,NULL,NULL,NULL),
    (17025872,66172,'dorzolamide-timolol (PF) 2 %-0.5 % eye drops in a dropperette','EENT PREPS','2020-06-16 17:18:00','2020-08-13 00:00:00','Place 1 drop into both eyes 2 (two) times daily.','E-prescribe','2-0.5 %','Dropperette',NULL,'each','BID'),
    (17025873,66172,'triamcinolone acetonide 40 mg/mL suspension for injection','HORMONES','2020-08-12 13:50:00',NULL,NULL,'E-prescribe','40 mg/mL','Suspension',NULL,'mg',NULL),
    (17025874,66172,'dorzolamide-timolol (PF) 2 %-0.5 % eye drops in a dropperette','EENT PREPS','2020-08-13 12:30:00',NULL,'Place 1 drop into both eyes 2 (two) times daily.','E-prescribe','2-0.5 %','Dropperette',NULL,'each','BID'),
    (17024247,66166,'methotrexate sodium (PF) 25 mg/mL injection solution','ANTINEOPLASTICS','2019-01-25 16:01:00',NULL,'Inject 1 mL into the skin.','Historical Med','25 mg/mL','Solution',NULL,'mL',NULL),
    (17024248,66166,'losartan 50 mg-hydrochlorothiazide 12.5 mg tablet','CARDIOVASCULAR','2019-01-25 16:01:00','2020-01-13 23:59:00','Take 1 tablet by mouth.','Historical Med','50-12.5 mg','Tablet',NULL,'tablet',NULL),
    (17024249,66166,'phendimetrazine tartrate ER 105 mg capsule,extended release','ANTI-OBESITY DRUGS','2019-01-25 16:01:00',NULL,'TK 1 C PO DAILY','Historical Med','105 mg','capsule, extended release',NULL,NULL,NULL),
    (17024250,66166,'metFORMIN ER 750 mg tablet,extended release 24 hr','ANTIHYPERGLYCEMICS','2019-01-25 16:01:00',NULL,'Take 2,250 mg by mouth.','Historical Med','750 mg','tablet extended release 24 hr',NULL,'mg',NULL),
    (17024251,66166,'aspirin-calcium carbonate 81 mg-300 mg calcium (777 mg) tablet','ANTIPLATELET DRUGS','2019-01-25 16:01:00',NULL,'Take 81 mg by mouth.','Historical Med','81 mg-300 mg calcium(777 mg)','Tablet',NULL,'mg',NULL),
    (17024252,66166,'topiramate 50 mg tablet','CNS DRUGS','2019-01-25 16:01:00',NULL,'TK 1 T PO BID','Historical Med','50 mg','Tablet',NULL,NULL,NULL),
    (17024253,66166,'diethylpropion 25 mg tablet','ANTI-OBESITY DRUGS','2019-01-25 16:01:00',NULL,'TK 1 T PO  AT 4 PM','Historical Med','25 mg','Tablet',NULL,NULL,NULL),
    (17024254,66166,'ergocalciferol (vitamin D2) 50,000 unit capsule','VITAMINS','2019-01-25 16:01:00',NULL,'TK ONE C  PO TWICE WEEKLY FOR SIX MONTHS','Historical Med','50,000 unit','Capsule',NULL,NULL,NULL),
    (17024255,66166,'folic acid 1 mg tablet','VITAMINS','2019-01-25 16:01:00',NULL,'Take 1 mg by mouth.','Historical Med','1 mg','Tablet',NULL,'mg',NULL),
    (16685200,64656,'metoclopramide 5 mg/mL injection solution','GASTROINTESTINAL','2019-09-13 15:03:00','2019-09-13 15:22:00',NULL,'Normal','5 mg/mL','Solution',1,'mg','Once'),
    (16685201,64656,'SUMAtriptan 50 mg tablet','ANALGESICS','2019-03-12 12:25:00','2019-03-12 23:59:00','Take 1 tablet by mouth once as needed for migraine for up to 1 dose.','E-prescribe','50 mg','Tablet',1,'tablet','Once PRN'),
    (16685202,64656,'lisinopril 2.5 mg tablet','CARDIOVASCULAR','2017-07-25 10:34:00','2017-08-21 00:00:00','1TABLET DAILY TOTAL OF 7.5MG','Historical Med','2.5 mg','Tablet',NULL,'tablet',NULL),
    (16685203,64656,'LORazepam 0.5 mg tablet','PSYCHOTHERAPEUTIC DRUGS','2019-03-18 14:16:00','2019-04-14 00:00:00','Take 1 tablet by mouth daily as needed for anxiety.','E-prescribe','0.5 mg','Tablet',NULL,'tablet','Daily PRN'),
    (16685204,64656,'magnesium sulfate 2 gram/50 mL (4 %) in water intravenous piggyback','ELECT/CALORIC/H2O','2019-02-12 10:09:00','2019-02-12 14:00:00',NULL,'Normal','2000 mg/50 mL','Piggyback',1,'mg','Once'),
    (16685205,64656,'ondansetron HCl (PF) 4 mg/2 mL injection solution','GASTROINTESTINAL','2019-09-14 00:05:00','2019-09-22 16:03:00',NULL,'Normal','4 mg/2 mL','Solution',NULL,'mg','Q6H PRN'),
    (16685206,64656,'digoxin 125 mcg tablet','CARDIAC DRUGS','2019-09-13 23:55:00','2019-09-22 16:03:00',NULL,'Normal','125 mcg','Tablet',NULL,'mg','Daily'),
    (16685207,64656,'insulin lispro (U-100) 100 unit/mL subcutaneous solution','ANTIHYPERGLYCEMICS','2019-02-12 16:24:00','2019-02-13 21:59:00',NULL,'Normal','100 unit/mL','Solution',NULL,'Units','TID CC'),
    (16685208,64656,'lisinopril 10 mg tablet','CARDIOVASCULAR','2019-02-17 10:11:00','2019-02-19 00:00:00','Take 10 mg by mouth 2 (two) times daily.','Historical Med','10 mg','Tablet',NULL,'mg','BID'),
    (16685209,64656,'insulin lispro',NULL,'2017-09-10 15:11:07','2017-09-12 10:16:51',NULL,'Normal Order',' ',NULL,NULL,'Intl_Unit',NULL),
    (16580446,64153,'aflibercept 2 mg/0.05 mL intravitreal solution for injection','EENT PREPS','2017-08-14 15:47:00',NULL,NULL,'E-prescribe','2 mg/0.05 mL','Solution',NULL,'mg',NULL),
    (16580447,64153,'amLODIPine 5 mg tablet','CARDIAC DRUGS','2017-08-13 14:17:00',NULL,'TK 1 T PO D','Historical Med','5 mg','Tablet',NULL,NULL,NULL),
    (16580448,64153,'aflibercept 2 mg/0.05 mL intravitreal solution for injection','EENT PREPS','2018-01-15 14:32:00',NULL,NULL,'E-prescribe','2 mg/0.05 mL','Solution',NULL,'mg',NULL),
    (16580449,64153,'aflibercept 2 mg/0.05 mL intravitreal solution for injection','EENT PREPS','2017-09-11 12:27:00',NULL,NULL,'E-prescribe','2 mg/0.05 mL','Solution',NULL,'mg',NULL),
    (16580450,64153,'insulin glargine subcutaneous','ANTIHYPERGLYCEMICS','2017-08-13 14:19:00',NULL,'Inject  into the skin.','Historical Med',NULL,NULL,NULL,NULL,NULL),
    (16580451,64153,'gabapentin 100 mg capsule','CNS DRUGS','2017-08-13 14:17:00',NULL,'TK 1 TO 2 CS PO TID','Historical Med','100 mg','Capsule',NULL,NULL,NULL),
    (16580452,64153,'furosemide 40 mg tablet','DIURETICS','2017-08-13 14:17:00',NULL,'TK 1 T PO QD','Historical Med','40 mg','Tablet',NULL,NULL,NULL),
    (16580453,64153,'colchicine 0.6 mg tablet','ANTIARTHRITICS','2017-08-13 14:17:00',NULL,'TK 1 T PO D','Historical Med','0.6 mg','Tablet',NULL,NULL,NULL),
    (16580454,64153,'aflibercept 2 mg/0.05 mL intravitreal solution for injection','EENT PREPS','2018-04-26 11:33:00',NULL,NULL,'E-prescribe','2 mg/0.05 mL','Solution',NULL,'mg',NULL),
    (16580455,64153,'aspirin 325 mg tablet,delayed release','ANALGESICS','2017-08-13 14:19:00',NULL,'Take 325 mg by mouth daily.','Historical Med','325 mg','tablet,delayed release (DR/EC)',NULL,'mg','Daily'),
    (12321004,53754,'propranolol 40 mg tablet','CARDIOVASCULAR','2015-02-27 10:09:00','2018-05-18 00:00:00','to be taken as needed for palpitations.  No more than 3 tablets daily.','E-prescribe','40 mg','Tablet',NULL,'tablet',NULL),
    (12321005,53754,'Azithromycin Tab 250 MG','Anti-Infective Agents','2017-09-08 11:46:00','2017-10-08 23:59:00','See instructions, 2 Tabs for 1 Day and then 1 Tab for 4 Days (5 days Total)','E-PRESCRIBE','250 MG','Tab',NULL,'Tab',NULL),
    (12321006,53754,'iopamidol 41 % intrathecal solution','DIAGNOSTIC',NULL,NULL,NULL,NULL,'0.41','Solution',NULL,NULL,NULL),
    (12321007,53754,'Propranolol HCl Tab 40 MG','Cardiovascular Agents','2015-02-27 10:09:00','2018-05-18 00:00:00','to be taken as needed for palpitations.  No more than 3 tablets daily.','E-PRESCRIBE','40 MG','Tab',NULL,'Tab',NULL),
    (12321008,53754,'cyclobenzaprine',NULL,'2009-12-02 16:11:35','1900-03-19 00:00:00','as needed for spasm','Prescription/Discharge Order',' ',NULL,1,'Tab','TID'),
    (12321009,53754,'Azithromycin Tab 250 MG','Anti-Infective Agents','2017-09-12 15:26:00','2017-09-26 23:59:00','1 tab p.o qd x 2 days','E-PRESCRIBE','250 MG','Tab',NULL,'Tab',NULL),
    (12321010,53754,'ciprofloxacin',NULL,'2010-01-07 12:29:48','1900-03-19 00:00:00',NULL,'Prescription/Discharge Order',' ',NULL,1,'Tab','Q 12 Hours'),
    (12321011,53754,'traMADol 50 mg tablet','ANALGESICS','2016-11-04 11:40:00','2018-05-18 00:00:00','1 -2 TABLETs EVERY 4 TO 6 HOURS AS NEEDED','Print','50 mg','Tablet',NULL,'tablet',NULL),
    (12321012,53754,'Tramadol HCl Tab 50 MG','Analgesics & Anesthetics','2016-11-04 11:40:00','2018-05-18 00:00:00','1 -2 TABLETs EVERY 4 TO 6 HOURS AS NEEDED','Print Med','50 MG','Tab',NULL,'Tab',NULL),
    (12321013,53754,'azithromycin',NULL,'2012-09-04 09:30:52',NULL,NULL,'Prescription/Discharge Order',' ',NULL,NULL,NULL,NULL),
    (6673492,36440,'brimonidine 0.15 % eye drops','EENT PREPS',NULL,'2012-09-11 00:00:00','1gtt bid-ou','E-prescribe','0.0015','Drops',NULL,'Bottle',NULL),
    (6673493,36440,'dorzolamide 2 % eye drops','EENT PREPS',NULL,'2016-10-18 00:00:00','Both eyes, 1 gtt OU BID','E-prescribe','0.02','Drops',NULL,'mL',NULL),
    (6673494,36440,'Travoprost Ophth Soln 0.004% (Benzalkonium Free) (BAK Free)','Topical Products',NULL,'2009-04-03 00:00:00','1gtt OU QHS','Historic/Pt Reported/Abstract','4e-05','Solution',NULL,NULL,NULL),
    (6673495,36440,'Latanoprost Ophth Soln 0.005%','Topical Products','2015-10-19 11:24:00','2015-10-29 00:00:00','Both eyes, 1 gtt OU at bedtime','E-PRESCRIBE','5e-05','Solution',NULL,'mL',NULL),
    (6673496,36440,'aflibercept 2 mg/0.05 mL intravitreal solution for injection','EENT PREPS','2017-06-06 15:26:00',NULL,NULL,'E-prescribe','2 mg/0.05 mL','Solution',NULL,'mg',NULL),
    (6673497,36440,'losartan 100 mg tablet','CARDIOVASCULAR',NULL,'2014-04-14 00:00:00','1 TABLET DAILY','Historical Med','100 mg','Tablet',NULL,'tablet',NULL),
    (6673498,36440,'dorzolamide ophthalmic',NULL,'2015-06-29 10:13:42',NULL,NULL,'Recorded / Home Meds',' ',NULL,NULL,NULL,NULL),
    (6673499,36440,'Triamterene & Hydrochlorothiazide Tab 75-50 MG','Cardiovascular Agents','2013-12-31 07:59:00','2014-04-14 00:00:00','1 Tab, PO, Daily, 30 Days','E-PRESCRIBE','75-50 MG','Tab',NULL,'Tab',NULL),
    (6673500,36440,'Brinzolamide-Brimonidine Tartrate Ophth Susp 1-0.2%','Topical Products','2014-06-04 10:08:00','2014-11-19 00:00:00','1 gtt OU BID','E-PRESCRIBE','1-0.2 %','Suspension',NULL,'Bottle',NULL),
    (6673501,36440,'brinzolamide 1 % eye drops,suspension','EENT PREPS',NULL,'2015-10-08 00:00:00','Both eyes, 1 gtt OU BID','E-prescribe','0.01','drops,suspension',NULL,'mL',NULL),
    (10155546,50765,'Sodium Chloride 0.9%',NULL,'2017-12-06 16:35:05','2017-12-16 18:30:45',NULL,'Normal Order',' ',NULL,NULL,NULL,NULL),
    (10155547,50765,'atorvastatin',NULL,'2019-08-31 22:38:42',NULL,NULL,'Normal Order',' ',NULL,NULL,NULL,NULL),
    (10155548,50765,'tropicamide ophthalmic',NULL,'2012-02-07 13:03:12',NULL,NULL,'Normal Order',' ',NULL,NULL,NULL,NULL),
    (10155549,50765,'sevelamer carbonate 800 mg tablet','ELECT/CALORIC/H2O','2020-01-05 07:41:00','2020-01-10 00:00:00','Take 1 tablet by mouth 3 (three) times daily with meals.','No Print','800 mg','Tablet',NULL,'mg','TID CC'),
    (10155550,50765,'metoprolol',NULL,'2019-08-31 22:39:43',NULL,NULL,'Normal Order',' ',NULL,NULL,'mg',NULL),
    (10155551,50765,'triamcinolone topical',NULL,'2019-07-29 22:58:22',NULL,NULL,'Normal Order',' ',NULL,NULL,'Application',NULL),
    (10155552,50765,'LORazepam 2 mg/mL injection solution','SEDATIVE/HYPNOTICS','2020-03-27 12:32:00','2020-03-28 10:52:00',NULL,'Normal','2 mg/mL','Solution',NULL,'mg','Q4H PRN'),
    (10155553,50765,'heparin',NULL,'2014-11-01 17:58:48','2014-11-04 17:04:21',NULL,'Normal Order',' ',NULL,NULL,NULL,NULL),
    (10155554,50765,'acetaminophen-HYDROcodone',NULL,'2012-05-08 08:35:00',NULL,NULL,'Normal Order',' ',NULL,NULL,NULL,NULL),
    (10155555,50765,'Sodium Chloride 0.9%',NULL,'2014-12-03 08:12:01','2014-12-04 20:18:36',NULL,'Normal Order',' ',NULL,NULL,NULL,NULL);


CREATE TABLE  medication_administration_deid (
    medication_administration_id INT,
    pt_id INT,
    generic_name VARCHAR(70) ,
    therapeutic_class VARCHAR(50) ,
    order_placed_dt DATETIME,
    order_end_dt DATETIME,
    scheduled_administration_dt DATETIME,
    administration_dt DATETIME,
    discontinue_order_dt DATETIME,
    action_name VARCHAR(50) ,
    medication_id INT
);
INSERT INTO medication_administration_deid VALUES
    (14905827,66475,'fentaNYL',NULL,'2018-10-05 07:19:05',NULL,'2018-10-05 07:19:00','2018-10-05 07:57:00','2018-10-05 07:57:00',NULL,17072457),
    (14905828,66475,'midazolam',NULL,'2018-10-05 07:19:06',NULL,'2018-10-05 07:19:00','2018-10-05 07:57:00','2018-10-05 07:57:00',NULL,17072435),
    (14905829,66475,'docusate','gastrointestinal agents','2006-11-26 04:30:15',NULL,'2006-11-26 09:00:00','2006-11-26 09:00:00',NULL,NULL,17072463),
    (14905830,66475,'docusate','gastrointestinal agents','2006-11-26 04:30:15',NULL,'2006-11-26 17:00:00','2006-11-26 19:00:00',NULL,NULL,17072512),
    (14905831,66475,'docusate','gastrointestinal agents','2006-11-26 04:30:15',NULL,'2006-11-27 09:00:00','2006-11-27 09:00:00',NULL,NULL,17072481),
    (14905832,66475,'acetaminophen-HYDROcodone','central nervous system agents','2006-11-26 11:31:59',NULL,'2006-11-26 18:00:00','2006-11-26 19:00:00',NULL,NULL,17072496),
    (14905833,66475,'acetaminophen-HYDROcodone','central nervous system agents','2006-11-26 11:31:59',NULL,'2006-11-27 06:00:00','2006-11-27 08:20:00',NULL,NULL,17072477),
    (14905834,66475,'ketorolac','central nervous system agents','2006-11-26 11:55:00',NULL,'2006-11-26 11:55:00','2006-11-26 11:30:00',NULL,NULL,17072485),
    (14905835,66475,'ketorolac','central nervous system agents','2006-11-26 11:55:12',NULL,'2006-11-26 17:55:00','2006-11-26 17:30:00',NULL,NULL,17072413),
    (14905836,66475,'ketorolac','central nervous system agents','2006-11-26 11:55:12',NULL,'2006-11-26 23:55:00','2006-11-26 23:55:00',NULL,NULL,17072419),
    (14870944,66172,'bevacizumab 25 mg/mL intravenous solution','ANTINEOPLASTICS','2020-05-09 11:09:00',NULL,'2020-05-09 11:08:00','2020-05-09 11:08:00',NULL,'Given',17025867),
    (14870945,66172,'triamcinolone acetonide 40 mg/mL suspension for injection','HORMONES','2020-06-20 11:37:00',NULL,'2020-06-20 11:36:00','2020-06-20 11:36:00',NULL,'Given',17025878),
    (14870946,66172,'triamcinolone acetonide 40 mg/mL suspension for injection','HORMONES','2020-08-12 13:50:00',NULL,'2020-08-12 13:50:00','2020-08-12 13:50:00',NULL,'Given',17025873),
    (14870947,66172,'triamcinolone acetonide 40 mg/mL suspension for injection','HORMONES','2020-08-12 13:51:00',NULL,'2020-08-12 13:50:00','2020-08-12 13:50:00',NULL,'Given',17025877),
    (14600708,64656,'brimonidine ophthalmic',NULL,'2017-11-13 19:15:11',NULL,'2017-11-13 19:15:00','2017-11-13 20:38:00','2017-11-13 20:38:00',NULL,16685307),
    (14600709,64656,'carvedilol',NULL,'2017-09-10 15:05:16',NULL,'2017-09-11 08:00:00','2017-09-11 08:24:00','2017-09-11 08:24:00',NULL,16685231),
    (14600710,64656,'lisinopril',NULL,'2017-09-10 15:06:33',NULL,'2017-09-11 08:00:00','2017-09-11 08:24:00','2017-09-11 08:24:00',NULL,16685258),
    (14600711,64656,'insulin lispro',NULL,'2017-09-10 15:09:30',NULL,'2017-09-11 08:00:00','2017-09-11 08:24:00','2017-09-11 08:24:00',NULL,16685211),
    (14600712,64656,'spironolactone',NULL,'2017-09-10 15:06:55',NULL,'2017-09-11 08:00:00','2017-09-11 08:24:00','2017-09-11 08:24:00',NULL,16685309),
    (14600713,64656,'furosemide',NULL,'2017-09-10 16:09:29',NULL,'2017-09-11 10:00:00','2017-09-11 08:25:00','2017-09-11 08:25:00',NULL,16685488),
    (14600714,64656,'Sodium Chloride 0.9%',NULL,'2017-09-10 11:42:00',NULL,'2017-09-10 14:53:00','2017-09-10 14:53:00','2017-09-10 14:53:00',NULL,16685228),
    (14600715,64656,'etomidate','central nervous system agents','2017-09-10 12:18:00',NULL,'2017-09-10 12:18:00','2017-09-10 12:18:00','2017-09-10 12:18:00',NULL,16685245),
    (14600716,64656,'furosemide',NULL,'2017-09-10 16:09:29',NULL,'2017-09-10 18:00:00','2017-09-10 18:56:00','2017-09-10 18:56:00',NULL,16685308),
    (14600717,64656,'carvedilol',NULL,'2017-09-10 15:05:16',NULL,'2017-09-10 18:00:00','2017-09-10 18:56:00','2017-09-10 18:56:00',NULL,16685525),
    (14512267,64153,'aflibercept 2 mg/0.05 mL intravitreal solution for injection','EENT PREPS','2017-08-14 15:47:00',NULL,'2017-08-14 15:47:00','2017-08-14 15:47:00',NULL,'Given',16580446),
    (14512268,64153,'aflibercept 2 mg/0.05 mL intravitreal solution for injection','EENT PREPS','2017-09-11 12:27:00',NULL,'2017-09-11 12:26:00','2017-09-11 12:26:00',NULL,'Given',16580449),
    (14512269,64153,'aflibercept 2 mg/0.05 mL intravitreal solution for injection','EENT PREPS','2018-01-15 14:32:00',NULL,'2018-01-15 14:32:00','2018-01-15 14:32:00',NULL,'Given',16580448),
    (14512270,64153,'aflibercept 2 mg/0.05 mL intravitreal solution for injection','EENT PREPS','2018-04-26 11:33:00',NULL,'2018-04-26 11:33:00','2018-04-26 11:33:00',NULL,'Given',16580454),
    (10802422,53754,'Triamcinolone Acetonide Inj Susp 40 MG/ML','Endocrine & Metabolic Drugs','2016-12-07 13:46:00','2016-12-07 13:47:00','2016-12-07 14:00:00','2016-12-07 13:47:00',NULL,'Given',12321023),
    (10802423,53754,'Iopamidol IV Soln 41%','Miscellaneous Products','2016-12-07 13:47:00','2016-12-07 13:47:00','2016-12-07 14:00:00','2016-12-07 13:47:00',NULL,'Given',12321025),
    (10802424,53754,'iopamidol 41 % intrathecal solution','DIAGNOSTIC','2019-01-22 15:01:00','2019-01-22 15:01:00','2019-01-22 15:30:00','2019-01-22 15:01:00',NULL,'Given',12321038),
    (10802425,53754,'triamcinolone acetonide 40 mg/mL suspension for injection','HORMONES','2019-01-22 15:01:00','2019-01-22 15:01:00','2019-01-22 15:30:00','2019-01-22 15:01:00',NULL,'Given',12321032),
    (7856225,36440,'Aflibercept Intravitreal Inj 2 MG/0.05ML (40 MG/ML)','Topical Products','2016-11-07 10:17:00','2016-11-07 12:37:00','2016-11-07 12:37:00','2016-11-07 12:37:00',NULL,'Given',6673503),
    (7856226,36440,'Aflibercept Intravitreal Inj 2 MG/0.05ML (40 MG/ML)','Topical Products','2016-11-07 10:17:00','2016-11-07 12:37:00','2016-11-07 10:30:00','2016-11-07 10:30:00',NULL,'Due',6673503),
    (7856227,36440,'Aflibercept Intravitreal Inj 2 MG/0.05ML (40 MG/ML)','Topical Products','2016-12-07 10:07:00','2016-12-07 10:40:00','2016-12-07 10:40:00','2016-12-07 10:40:00',NULL,'Given',6673541),
    (7856228,36440,'Aflibercept Intravitreal Inj 2 MG/0.05ML (40 MG/ML)','Topical Products','2016-12-07 10:07:00','2016-12-07 10:40:00','2016-12-07 10:15:00','2016-12-07 10:15:00',NULL,'Due',6673541),
    (7856229,36440,'Aflibercept Intravitreal Inj 2 MG/0.05ML (40 MG/ML)','Topical Products','2017-01-18 11:18:00','2017-01-18 11:50:00','2017-01-18 11:30:00','2017-01-18 11:50:00',NULL,'Given',6673577),
    (7856230,36440,'Aflibercept Intravitreal Inj 2 MG/0.05ML (40 MG/ML)','Topical Products','2017-03-01 10:50:00','2017-03-01 11:20:00','2017-03-01 11:20:00','2017-03-01 11:20:00',NULL,'Given',6673591),
    (7856231,36440,'Aflibercept Intravitreal Inj 2 MG/0.05ML (40 MG/ML)','Topical Products','2017-03-01 10:50:00','2017-03-01 11:20:00','2017-03-01 11:00:00','2017-03-01 11:00:00',NULL,'Due',6673591),
    (7856232,36440,'Aflibercept Intravitreal Inj 2 MG/0.05ML (40 MG/ML)','Topical Products','2017-04-19 11:03:00','2017-04-19 11:22:00','2017-04-19 11:22:00','2017-04-19 11:22:00',NULL,'Given',6673914),
    (7856233,36440,'Aflibercept Intravitreal Inj 2 MG/0.05ML (40 MG/ML)','Topical Products','2017-04-19 11:03:00','2017-04-19 11:22:00','2017-04-19 11:15:00','2017-04-19 11:15:00',NULL,'Due',6673914),
    (7856234,36440,'aflibercept 2 mg/0.05 mL intravitreal solution for injection','EENT PREPS','2017-06-06 15:26:00',NULL,'2017-06-06 15:26:00','2017-06-06 15:26:00',NULL,'Given',6673496),
    (9504992,50765,'aspirin',NULL,'2019-08-31 22:38:39',NULL,'2019-09-07 10:00:00','2019-09-07 16:57:00','2019-09-07 16:57:00',NULL,10155799),
    (9504993,50765,'atorvastatin',NULL,'2019-08-31 22:38:42',NULL,'2019-09-02 10:00:00','2019-09-02 12:35:00','2019-09-02 12:35:00',NULL,10156801),
    (9504994,50765,'atorvastatin',NULL,'2019-08-31 22:38:42',NULL,'2019-09-04 10:00:00','2019-09-04 08:27:00','2019-09-04 08:27:00',NULL,10155917),
    (9504995,50765,'atorvastatin',NULL,'2019-08-31 22:38:42',NULL,'2019-09-06 10:00:00','2019-09-06 10:00:00','2019-09-06 10:00:00',NULL,10157894),
    (9504996,50765,'atorvastatin',NULL,'2019-08-31 22:38:42',NULL,'2019-09-07 10:00:00','2019-09-07 16:57:00','2019-09-07 16:57:00',NULL,10156653),
    (9504997,50765,'atorvastatin',NULL,'2019-07-29 23:35:50',NULL,'2019-07-31 10:00:00','2019-07-31 09:27:00','2019-07-31 09:27:00',NULL,10157756),
    (9504998,50765,'pantoprazole',NULL,'2019-08-31 22:39:48',NULL,'2019-09-01 22:00:00','2019-09-01 20:27:00','2019-09-01 20:27:00',NULL,10156873),
    (9504999,50765,'pantoprazole',NULL,'2019-08-31 22:39:48',NULL,'2019-09-04 10:00:00','2019-09-04 08:27:00','2019-09-04 08:27:00',NULL,10157320),
    (9505000,50765,'pantoprazole',NULL,'2019-08-31 22:39:48',NULL,'2019-09-04 22:00:00','2019-09-04 21:21:00','2019-09-04 21:21:00',NULL,10156560),
    (9505001,50765,'pantoprazole',NULL,'2019-08-31 22:39:48',NULL,'2019-09-05 22:00:00','2019-09-05 22:55:00','2019-09-05 22:55:00',NULL,10155837);


CREATE TABLE  smart_data_deid (
    smart_data_id INT,
    pt_id INT,
    element_name VARCHAR(150) ,
    smrtdta_elem_value VARCHAR(200) ,
    elem_nw_id_val_num INT,
    value_dt DATETIME
);
INSERT INTO smart_data_deid VALUES
    (23766261,20676,'FINDINGS-TESTS-EYES-TONOMETRY-IOP-INTRAOCULAR PRESSURE-LEFT','14',NULL,'2017-05-03 00:00:00'),
    (23766570,20676,'FINDINGS-TESTS-EYES-TONOMETRY-IOP-INTRAOCULAR PRESSURE-RIGHT','14',NULL,'2017-05-03 00:00:00'),
    (23768223,20676,'FINDINGS-TESTS-EYES-VISUAL ACUITY-VA-METHOD-REFRACTION-MANIFEST REFRACTION-MANIFEST REFRACTION-RIGHT DIST VA','20/20',NULL,'2017-05-03 00:00:00'),
    (23768224,20676,'FINDINGS-TESTS-EYES-VISUAL ACUITY-VA-METHOD-REFRACTION-MANIFEST REFRACTION-MANIFEST REFRACTION-RIGHT NEAR VA','J1		2017-05-03 00:00:00_x000D_
23768225	20676	FINDINGS-TESTS-EYES-VISUAL ACUITY-VA-METHOD-REFRACTION-MANIFEST REFRACTION-MANIFEST REFRACTION-RIGHT NEAR VA	J1+ 16 to 24"',NULL,'2017-05-03 00:00:00'),
    (23768424,20676,'FINDINGS-TESTS-EYES-VISUAL ACUITY-VA-METHOD-REFRACTION-MANIFEST REFRACTION-MANIFEST REFRACTION-LEFT DIST VA','20/20',NULL,'2017-05-03 00:00:00'),
    (23768718,20676,'FINDINGS-TESTS-EYES-VISUAL ACUITY-VA-METHOD-REFRACTION-MANIFEST REFRACTION-MANIFEST REFRACTION-LEFT NEAR VA','J1		2017-05-03 00:00:00_x000D_
23768719	20676	FINDINGS-TESTS-EYES-VISUAL ACUITY-VA-METHOD-REFRACTION-MANIFEST REFRACTION-MANIFEST REFRACTION-LEFT NEAR VA	J16 to 24"',NULL,'2017-05-03 00:00:00'),
    (23768720,20676,'FINDINGS-TESTS-EYES-VISUAL ACUITY-VA-METHOD-REFRACTION-MANIFEST REFRACTION','Clearer distance and near ',NULL,'2017-05-03 00:00:00'),
    (23769214,20676,'FINDINGS-TESTS-EYES-TONOMETRY-IOP-INTRAOCULAR PRESSURE-LEFT','14',NULL,'2014-08-09 00:00:00'),
    (23769266,20676,'FINDINGS-TESTS-EYES-TONOMETRY-IOP-INTRAOCULAR PRESSURE-RIGHT','14',NULL,'2014-08-09 00:00:00'),
    (23773081,20676,'FINDINGS-TESTS-EYES-VISUAL ACUITY-VA-METHOD-REFRACTION-MANIFEST REFRACTION-MANIFEST REFRACTION-RIGHT DIST VA','20/20',NULL,'2014-08-09 00:00:00'),
    (23773161,20676,'FINDINGS-TESTS-EYES-VISUAL ACUITY-VA-METHOD-REFRACTION-MANIFEST REFRACTION-MANIFEST REFRACTION-LEFT DIST VA','20/20-1',NULL,'2014-08-09 00:00:00'),
    (23778631,20676,'FINDINGS-TESTS-EYES-TONOMETRY-IOP-INTRAOCULAR PRESSURE-RIGHT','15',NULL,'2018-08-09 00:00:00'),
    (23778632,20676,'FINDINGS-TESTS-EYES-TONOMETRY-IOP-INTRAOCULAR PRESSURE-LEFT','14',NULL,'2018-08-09 00:00:00'),
    (23778652,20676,'FINDINGS-TESTS-EYES-VISUAL ACUITY-VA-METHOD-REFRACTION-MANIFEST REFRACTION-MANIFEST REFRACTION-RIGHT DIST VA','20/20-2',NULL,'2018-08-09 00:00:00'),
    (23778656,20676,'FINDINGS-TESTS-EYES-VISUAL ACUITY-VA-METHOD-REFRACTION-MANIFEST REFRACTION-MANIFEST REFRACTION-LEFT DIST VA','20/20',NULL,'2018-08-09 00:00:00'),
    (24523647,36440,'FINDINGS-TESTS-EYES-TONOMETRY-IOP-INTRAOCULAR PRESSURE-LEFT','17',NULL,'2016-04-11 00:00:00'),
    (24523653,36440,'FINDINGS-TESTS-EYES-TONOMETRY-IOP-INTRAOCULAR PRESSURE-LEFT','22',NULL,'2017-01-18 00:00:00'),
    (24523709,36440,'FINDINGS-TESTS-EYES-TONOMETRY-IOP-INTRAOCULAR PRESSURE-RIGHT','17',NULL,'2016-11-07 00:00:00'),
    (24523755,36440,'FINDINGS-TESTS-EYES-TONOMETRY-IOP-INTRAOCULAR PRESSURE-LEFT','15',NULL,'2016-12-07 00:00:00'),
    (24523756,36440,'FINDINGS-TESTS-EYES-TONOMETRY-IOP-INTRAOCULAR PRESSURE-RIGHT','18',NULL,'2016-06-24 00:00:00'),
    (24523795,36440,'FINDINGS-TESTS-EYES-TONOMETRY-IOP-INTRAOCULAR PRESSURE-RIGHT','17',NULL,'2016-11-11 00:00:00'),
    (24523808,36440,'FINDINGS-TESTS-EYES-TONOMETRY-IOP-INTRAOCULAR PRESSURE-RIGHT','17',NULL,'2016-12-07 00:00:00'),
    (24523809,36440,'FINDINGS-TESTS-EYES-TONOMETRY-IOP-INTRAOCULAR PRESSURE-RIGHT','18',NULL,'2016-08-29 00:00:00'),
    (24523886,36440,'FINDINGS-TESTS-EYES-TONOMETRY-IOP-INTRAOCULAR PRESSURE-RIGHT','21',NULL,'2017-03-01 00:00:00'),
    (24523908,36440,'FINDINGS-TESTS-EYES-TONOMETRY-IOP-INTRAOCULAR PRESSURE-LEFT','23',NULL,'2016-08-29 00:00:00'),
    (24523909,36440,'FINDINGS-TESTS-EYES-TONOMETRY-IOP-INTRAOCULAR PRESSURE-LEFT','28',NULL,'2016-08-29 00:00:00'),
    (24523961,36440,'FINDINGS-TESTS-EYES-TONOMETRY-IOP-INTRAOCULAR PRESSURE-LEFT','19',NULL,'2016-06-08 00:00:00'),
    (24524017,36440,'FINDINGS-TESTS-EYES-TONOMETRY-IOP-INTRAOCULAR PRESSURE-LEFT','17',NULL,'2016-11-11 00:00:00'),
    (24524026,36440,'FINDINGS-TESTS-EYES-TONOMETRY-IOP-INTRAOCULAR PRESSURE-LEFT','20',NULL,'2017-03-01 00:00:00'),
    (24524048,36440,'FINDINGS-TESTS-EYES-TONOMETRY-IOP-INTRAOCULAR PRESSURE-RIGHT','15',NULL,'2016-04-11 00:00:00'),
    (24524083,36440,'FINDINGS-TESTS-EYES-TONOMETRY-IOP-INTRAOCULAR PRESSURE-RIGHT','20',NULL,'2017-01-18 00:00:00'),
    (24524094,36440,'FINDINGS-TESTS-EYES-TONOMETRY-IOP-INTRAOCULAR PRESSURE-LEFT','24',NULL,'2016-11-07 00:00:00'),
    (24524119,36440,'FINDINGS-TESTS-EYES-TONOMETRY-IOP-INTRAOCULAR PRESSURE-RIGHT','16',NULL,'2016-06-08 00:00:00'),
    (24524135,36440,'FINDINGS-TESTS-EYES-TONOMETRY-IOP-INTRAOCULAR PRESSURE-LEFT','21',NULL,'2016-06-24 00:00:00'),
    (24524209,36440,'FINDINGS-TESTS-EYES-TONOMETRY-IOP-INTRAOCULAR PRESSURE-RIGHT','19',NULL,'2015-04-06 00:00:00'),
    (24524235,36440,'FINDINGS-TESTS-EYES-TONOMETRY-IOP-INTRAOCULAR PRESSURE-RIGHT','19',NULL,'2015-10-19 00:00:00'),
    (24524243,36440,'FINDINGS-TESTS-EYES-TONOMETRY-IOP-INTRAOCULAR PRESSURE-RIGHT','17',NULL,'2016-02-24 00:00:00'),
    (24524286,36440,'FINDINGS-TESTS-EYES-TONOMETRY-IOP-INTRAOCULAR PRESSURE-LEFT','17',NULL,'2017-04-19 00:00:00'),
    (24524290,36440,'FINDINGS-TESTS-EYES-TONOMETRY-IOP-INTRAOCULAR PRESSURE-RIGHT','17',NULL,'2017-03-22 00:00:00'),
    (24524304,36440,'FINDINGS-TESTS-EYES-TONOMETRY-IOP-INTRAOCULAR PRESSURE-LEFT','19',NULL,'2015-04-06 00:00:00'),
    (24524359,36440,'FINDINGS-TESTS-EYES-TONOMETRY-IOP-INTRAOCULAR PRESSURE-RIGHT','16',NULL,'2017-04-19 00:00:00'),
    (24524377,36440,'FINDINGS-TESTS-EYES-TONOMETRY-IOP-INTRAOCULAR PRESSURE-LEFT','18',NULL,'2017-03-22 00:00:00'),
    (24524406,36440,'FINDINGS-TESTS-EYES-TONOMETRY-IOP-INTRAOCULAR PRESSURE-RIGHT','13',NULL,'2015-05-27 00:00:00'),
    (24524434,36440,'FINDINGS-TESTS-EYES-TONOMETRY-IOP-INTRAOCULAR PRESSURE-LEFT','21',NULL,'2014-04-11 00:00:00'),
    (24524446,36440,'FINDINGS-TESTS-EYES-TONOMETRY-IOP-INTRAOCULAR PRESSURE-RIGHT','17',NULL,'2014-11-19 00:00:00'),
    (24524447,36440,'FINDINGS-TESTS-EYES-TONOMETRY-IOP-INTRAOCULAR PRESSURE-RIGHT','16',NULL,'2015-01-28 00:00:00'),
    (24524493,36440,'FINDINGS-TESTS-EYES-TONOMETRY-IOP-INTRAOCULAR PRESSURE-RIGHT','17',NULL,'2014-10-08 00:00:00'),
    (24524518,36440,'FINDINGS-TESTS-EYES-TONOMETRY-IOP-INTRAOCULAR PRESSURE-LEFT','18',NULL,'2015-01-28 00:00:00'),
    (24524547,36440,'FINDINGS-TESTS-EYES-TONOMETRY-IOP-INTRAOCULAR PRESSURE-RIGHT','17',NULL,'2014-04-11 00:00:00'),
    (24524548,36440,'FINDINGS-TESTS-EYES-TONOMETRY-IOP-INTRAOCULAR PRESSURE-LEFT','19',NULL,'2014-10-08 00:00:00'),
    (24524556,36440,'FINDINGS-TESTS-EYES-TONOMETRY-IOP-INTRAOCULAR PRESSURE-LEFT','17',NULL,'2014-06-04 00:00:00'),
    (24524695,36440,'FINDINGS-TESTS-EYES-TONOMETRY-IOP-INTRAOCULAR PRESSURE-LEFT','17',NULL,'2015-05-27 00:00:00'),
    (24524805,36440,'FINDINGS-TESTS-EYES-TONOMETRY-IOP-INTRAOCULAR PRESSURE-LEFT','20',NULL,'2015-10-19 00:00:00'),
    (24524882,36440,'FINDINGS-TESTS-EYES-TONOMETRY-IOP-INTRAOCULAR PRESSURE-RIGHT','14',NULL,'2014-06-04 00:00:00'),
    (24525059,36440,'FINDINGS-TESTS-EYES-TONOMETRY-IOP-INTRAOCULAR PRESSURE-LEFT','19',NULL,'2014-11-19 00:00:00'),
    (24525067,36440,'FINDINGS-TESTS-EYES-TONOMETRY-IOP-INTRAOCULAR PRESSURE-LEFT','17',NULL,'2016-02-24 00:00:00'),
    (24526737,36440,'FINDINGS-TESTS-EYES-TONOMETRY-IOP-INTRAOCULAR PRESSURE-LEFT','21',NULL,'2014-02-05 00:00:00'),
    (24526806,36440,'FINDINGS-TESTS-EYES-TONOMETRY-IOP-INTRAOCULAR PRESSURE-RIGHT','16',NULL,'2013-03-29 00:00:00'),
    (24526830,36440,'FINDINGS-TESTS-EYES-TONOMETRY-IOP-INTRAOCULAR PRESSURE-LEFT','16',NULL,'2013-03-29 00:00:00'),
    (24526848,36440,'FINDINGS-TESTS-EYES-TONOMETRY-IOP-INTRAOCULAR PRESSURE-LEFT','21',NULL,'2013-08-07 00:00:00'),
    (24526957,36440,'FINDINGS-TESTS-EYES-TONOMETRY-IOP-INTRAOCULAR PRESSURE-RIGHT','18',NULL,'2014-02-05 00:00:00'),
    (24527128,36440,'FINDINGS-TESTS-EYES-TONOMETRY-IOP-INTRAOCULAR PRESSURE-LEFT','21',NULL,'2013-02-06 00:00:00'),
    (24527174,36440,'FINDINGS-TESTS-EYES-TONOMETRY-IOP-INTRAOCULAR PRESSURE-RIGHT','19',NULL,'2012-03-26 00:00:00'),
    (24527181,36440,'FINDINGS-TESTS-EYES-TONOMETRY-IOP-INTRAOCULAR PRESSURE-RIGHT','16',NULL,'2012-09-17 00:00:00'),
    (24527226,36440,'FINDINGS-TESTS-EYES-TONOMETRY-IOP-INTRAOCULAR PRESSURE-LEFT','18',NULL,'2012-03-21 00:00:00'),
    (24527234,36440,'FINDINGS-TESTS-EYES-TONOMETRY-IOP-INTRAOCULAR PRESSURE-RIGHT','16',NULL,'2012-03-21 00:00:00'),
    (24527242,36440,'FINDINGS-TESTS-EYES-TONOMETRY-IOP-INTRAOCULAR PRESSURE-LEFT','18',NULL,'2012-09-17 00:00:00'),
    (24527294,36440,'FINDINGS-TESTS-EYES-TONOMETRY-IOP-INTRAOCULAR PRESSURE-LEFT','18',NULL,'2012-03-26 00:00:00'),
    (24527379,36440,'FINDINGS-TESTS-EYES-TONOMETRY-IOP-INTRAOCULAR PRESSURE-RIGHT','18',NULL,'2013-08-07 00:00:00'),
    (24527414,36440,'FINDINGS-TESTS-EYES-TONOMETRY-IOP-INTRAOCULAR PRESSURE-LEFT','17',NULL,'2011-09-12 00:00:00'),
    (24527416,36440,'FINDINGS-TESTS-EYES-TONOMETRY-IOP-INTRAOCULAR PRESSURE-RIGHT','16',NULL,'2011-09-12 00:00:00'),
    (24527478,36440,'FINDINGS-TESTS-EYES-TONOMETRY-IOP-INTRAOCULAR PRESSURE-RIGHT','18',NULL,'2013-02-06 00:00:00'),
    (24527566,36440,'FINDINGS-TESTS-EYES-TONOMETRY-IOP-INTRAOCULAR PRESSURE-RIGHT','20',NULL,'2011-03-28 00:00:00'),
    (24527595,36440,'FINDINGS-TESTS-EYES-TONOMETRY-IOP-INTRAOCULAR PRESSURE-LEFT','20',NULL,'2011-03-28 00:00:00'),
    (24527718,36440,'FINDINGS-TESTS-EYES-TONOMETRY-IOP-INTRAOCULAR PRESSURE-LEFT','18',NULL,'2011-04-04 00:00:00'),
    (24527727,36440,'FINDINGS-TESTS-EYES-TONOMETRY-IOP-INTRAOCULAR PRESSURE-LEFT','21',NULL,'2007-12-10 00:00:00'),
    (24527780,36440,'FINDINGS-TESTS-EYES-TONOMETRY-IOP-INTRAOCULAR PRESSURE-RIGHT','18',NULL,'2007-07-11 00:00:00'),
    (24527781,36440,'FINDINGS-TESTS-EYES-TONOMETRY-IOP-INTRAOCULAR PRESSURE-LEFT','17',NULL,'2007-07-11 00:00:00'),
    (24527796,36440,'FINDINGS-TESTS-EYES-TONOMETRY-IOP-INTRAOCULAR PRESSURE-RIGHT','19',NULL,'2010-07-09 00:00:00'),
    (24527804,36440,'FINDINGS-TESTS-EYES-TONOMETRY-IOP-INTRAOCULAR PRESSURE-RIGHT','19',NULL,'2008-04-07 00:00:00'),
    (24527805,36440,'FINDINGS-TESTS-EYES-TONOMETRY-IOP-INTRAOCULAR PRESSURE-RIGHT','15',NULL,'2008-01-04 00:00:00'),
    (24527834,36440,'FINDINGS-TESTS-EYES-TONOMETRY-IOP-INTRAOCULAR PRESSURE-RIGHT','19',NULL,'2007-06-11 00:00:00'),
    (24527835,36440,'FINDINGS-TESTS-EYES-TONOMETRY-IOP-INTRAOCULAR PRESSURE-LEFT','17',NULL,'2007-06-11 00:00:00'),
    (24527857,36440,'FINDINGS-TESTS-EYES-TONOMETRY-IOP-INTRAOCULAR PRESSURE-RIGHT','18',NULL,'2011-04-04 00:00:00'),
    (24527863,36440,'FINDINGS-TESTS-EYES-TONOMETRY-IOP-INTRAOCULAR PRESSURE-LEFT','18',NULL,'2007-06-01 00:00:00'),
    (24527887,36440,'FINDINGS-TESTS-EYES-TONOMETRY-IOP-INTRAOCULAR PRESSURE-RIGHT','19',NULL,'2007-09-11 00:00:00'),
    (24527900,36440,'FINDINGS-TESTS-EYES-TONOMETRY-IOP-INTRAOCULAR PRESSURE-RIGHT','20',NULL,'2008-02-29 00:00:00'),
    (24527919,36440,'FINDINGS-TESTS-EYES-TONOMETRY-IOP-INTRAOCULAR PRESSURE-LEFT','17',NULL,'2010-03-08 00:00:00'),
    (24527991,36440,'FINDINGS-TESTS-EYES-TONOMETRY-IOP-INTRAOCULAR PRESSURE-LEFT','22',NULL,'2008-02-29 00:00:00'),
    (24527997,36440,'FINDINGS-TESTS-EYES-TONOMETRY-IOP-INTRAOCULAR PRESSURE-RIGHT','19',NULL,'2009-02-16 00:00:00'),
    (24527998,36440,'FINDINGS-TESTS-EYES-TONOMETRY-IOP-INTRAOCULAR PRESSURE-LEFT','20',NULL,'2009-02-16 00:00:00'),
    (24528019,36440,'FINDINGS-TESTS-EYES-TONOMETRY-IOP-INTRAOCULAR PRESSURE-RIGHT','17',NULL,'2007-06-01 00:00:00'),
    (24528032,36440,'FINDINGS-TESTS-EYES-TONOMETRY-IOP-INTRAOCULAR PRESSURE-RIGHT','18',NULL,'2010-11-12 00:00:00'),
    (24528036,36440,'FINDINGS-TESTS-EYES-TONOMETRY-IOP-INTRAOCULAR PRESSURE-RIGHT','14',NULL,'2008-08-15 00:00:00'),
    (24528069,36440,'FINDINGS-TESTS-EYES-TONOMETRY-IOP-INTRAOCULAR PRESSURE-RIGHT','20',NULL,'2007-12-10 00:00:00'),
    (24528079,36440,'FINDINGS-TESTS-EYES-TONOMETRY-IOP-INTRAOCULAR PRESSURE-LEFT','20',NULL,'2009-04-03 00:00:00'),
    (24528081,36440,'FINDINGS-TESTS-EYES-TONOMETRY-IOP-INTRAOCULAR PRESSURE-LEFT','20',NULL,'2010-09-06 00:00:00'),
    (24528087,36440,'FINDINGS-TESTS-EYES-TONOMETRY-IOP-INTRAOCULAR PRESSURE-RIGHT','18',NULL,'2008-04-04 00:00:00'),
    (24528088,36440,'FINDINGS-TESTS-EYES-TONOMETRY-IOP-INTRAOCULAR PRESSURE-LEFT','22',NULL,'2008-04-04 00:00:00'),
    (24528114,36440,'FINDINGS-TESTS-EYES-TONOMETRY-IOP-INTRAOCULAR PRESSURE-LEFT','21',NULL,'2008-04-07 00:00:00'),
    (24528157,36440,'FINDINGS-TESTS-EYES-TONOMETRY-IOP-INTRAOCULAR PRESSURE-LEFT','22',NULL,'2010-07-09 00:00:00'),
    (24528166,36440,'FINDINGS-TESTS-EYES-TONOMETRY-IOP-INTRAOCULAR PRESSURE-LEFT','19',NULL,'2008-01-04 00:00:00'),
    (24528186,36440,'FINDINGS-TESTS-EYES-TONOMETRY-IOP-INTRAOCULAR PRESSURE-RIGHT','19',NULL,'2010-09-06 00:00:00'),
    (24528191,36440,'FINDINGS-TESTS-EYES-TONOMETRY-IOP-INTRAOCULAR PRESSURE-RIGHT','18',NULL,'2009-09-25 00:00:00'),
    (24528192,36440,'FINDINGS-TESTS-EYES-TONOMETRY-IOP-INTRAOCULAR PRESSURE-LEFT','20',NULL,'2009-09-25 00:00:00'),
    (24528217,36440,'FINDINGS-TESTS-EYES-TONOMETRY-IOP-INTRAOCULAR PRESSURE-LEFT','24',NULL,'2008-01-14 00:00:00'),
    (24528225,36440,'FINDINGS-TESTS-EYES-TONOMETRY-IOP-INTRAOCULAR PRESSURE-RIGHT','22',NULL,'2008-01-14 00:00:00'),
    (24528226,36440,'FINDINGS-TESTS-EYES-TONOMETRY-IOP-INTRAOCULAR PRESSURE-RIGHT','17',NULL,'2008-12-12 00:00:00'),
    (24528253,36440,'FINDINGS-TESTS-EYES-TONOMETRY-IOP-INTRAOCULAR PRESSURE-RIGHT','21',NULL,'2009-09-09 00:00:00'),
    (24528255,36440,'FINDINGS-TESTS-EYES-TONOMETRY-IOP-INTRAOCULAR PRESSURE-LEFT','19',NULL,'2007-09-11 00:00:00'),
    (24528280,36440,'FINDINGS-TESTS-EYES-TONOMETRY-IOP-INTRAOCULAR PRESSURE-LEFT','20',NULL,'2008-05-09 00:00:00'),
    (24528316,36440,'FINDINGS-TESTS-EYES-TONOMETRY-IOP-INTRAOCULAR PRESSURE-LEFT','18',NULL,'2010-11-12 00:00:00'),
    (24528333,36440,'FINDINGS-TESTS-EYES-TONOMETRY-IOP-INTRAOCULAR PRESSURE-RIGHT','17',NULL,'2008-05-09 00:00:00'),
    (24528414,36440,'FINDINGS-TESTS-EYES-TONOMETRY-IOP-INTRAOCULAR PRESSURE-RIGHT','17',NULL,'2008-08-08 00:00:00'),
    (24528419,36440,'FINDINGS-TESTS-EYES-TONOMETRY-IOP-INTRAOCULAR PRESSURE-LEFT','17',NULL,'2008-08-15 00:00:00'),
    (24528477,36440,'FINDINGS-TESTS-EYES-TONOMETRY-IOP-INTRAOCULAR PRESSURE-RIGHT','19',NULL,'2009-04-03 00:00:00'),
    (24528479,36440,'FINDINGS-TESTS-EYES-TONOMETRY-IOP-INTRAOCULAR PRESSURE-RIGHT','17',NULL,'2010-03-08 00:00:00'),
    (24528514,36440,'FINDINGS-TESTS-EYES-TONOMETRY-IOP-INTRAOCULAR PRESSURE-RIGHT','14',NULL,'2010-02-05 00:00:00'),
    (24528515,36440,'FINDINGS-TESTS-EYES-TONOMETRY-IOP-INTRAOCULAR PRESSURE-LEFT','17',NULL,'2010-02-05 00:00:00'),
    (24528520,36440,'FINDINGS-TESTS-EYES-TONOMETRY-IOP-INTRAOCULAR PRESSURE-LEFT','17',NULL,'2008-12-12 00:00:00'),
    (24528561,36440,'FINDINGS-TESTS-EYES-TONOMETRY-IOP-INTRAOCULAR PRESSURE-LEFT','17',NULL,'2008-08-08 00:00:00'),
    (24528563,36440,'FINDINGS-TESTS-EYES-TONOMETRY-IOP-INTRAOCULAR PRESSURE-LEFT','21',NULL,'2009-09-09 00:00:00'),
    (24529673,36440,'FINDINGS-TESTS-EYES-VISUAL ACUITY-VA-METHOD-REFRACTION-MANIFEST REFRACTION-MANIFEST REFRACTION-RIGHT DIST VA','20/25-2',NULL,'2015-10-19 00:00:00'),
    (24530037,36440,'FINDINGS-TESTS-EYES-VISUAL ACUITY-VA-METHOD-REFRACTION-MANIFEST REFRACTION','Defer- patient happy with current vision and glasses ',NULL,'2015-01-28 00:00:00'),
    (24530204,36440,'FINDINGS-TESTS-EYES-VISUAL ACUITY-VA-METHOD-REFRACTION-MANIFEST REFRACTION','Declines refraction',NULL,'2014-10-08 00:00:00'),
    (24531741,36440,'FINDINGS-TESTS-EYES-VISUAL ACUITY-VA-METHOD-REFRACTION-MANIFEST REFRACTION-MANIFEST REFRACTION-RIGHT DIST VA','20/25-3',NULL,'2013-08-07 00:00:00'),
    (24532691,36440,'FINDINGS-TESTS-EYES-TONOMETRY-IOP-INTRAOCULAR PRESSURE-RIGHT','17',NULL,'2017-06-06 00:00:00'),
    (24532692,36440,'FINDINGS-TESTS-EYES-TONOMETRY-IOP-INTRAOCULAR PRESSURE-LEFT','19',NULL,'2017-06-06 00:00:00'),
    (24532941,36440,'FINDINGS-TESTS-EYES-VISUAL ACUITY-VA-METHOD-REFRACTION-MANIFEST REFRACTION-MANIFEST REFRACTION-RIGHT DIST VA','20/20-2',NULL,'2012-03-21 00:00:00'),
    (24533775,36440,'FINDINGS-TESTS-EYES-VISUAL ACUITY-VA-METHOD-REFRACTION-MANIFEST REFRACTION-MANIFEST REFRACTION-RIGHT DIST VA','20/25',NULL,'2009-09-25 00:00:00'),
    (24533776,36440,'FINDINGS-TESTS-EYES-VISUAL ACUITY-VA-METHOD-REFRACTION-MANIFEST REFRACTION-MANIFEST REFRACTION-RIGHT NEAR VA','20/20',NULL,'2009-09-25 00:00:00'),
    (24535770,36440,'FINDINGS-TESTS-EYES-TONOMETRY-IOP-INTRAOCULAR PRESSURE-RIGHT','21',NULL,'2017-08-02 00:00:00'),
    (24535771,36440,'FINDINGS-TESTS-EYES-TONOMETRY-IOP-INTRAOCULAR PRESSURE-LEFT','21',NULL,'2017-08-02 00:00:00'),
    (24536233,36440,'FINDINGS-TESTS-EYES-TONOMETRY-IOP-INTRAOCULAR PRESSURE-RIGHT','16',NULL,'2017-09-27 00:00:00'),
    (24536234,36440,'FINDINGS-TESTS-EYES-TONOMETRY-IOP-INTRAOCULAR PRESSURE-LEFT','16',NULL,'2017-09-27 00:00:00'),
    (24536433,36440,'FINDINGS-TESTS-EYES-TONOMETRY-IOP-INTRAOCULAR PRESSURE-RIGHT','19',NULL,'2017-10-04 00:00:00'),
    (24536434,36440,'FINDINGS-TESTS-EYES-TONOMETRY-IOP-INTRAOCULAR PRESSURE-LEFT','19',NULL,'2017-10-04 00:00:00'),
    (24537501,36440,'FINDINGS-TESTS-EYES-TONOMETRY-IOP-INTRAOCULAR PRESSURE-RIGHT','14',NULL,'2018-01-29 00:00:00'),
    (24537502,36440,'FINDINGS-TESTS-EYES-TONOMETRY-IOP-INTRAOCULAR PRESSURE-LEFT','19',NULL,'2018-01-29 00:00:00'),
    (24537530,36440,'FINDINGS-TESTS-EYES-VISUAL ACUITY-VA-METHOD-REFRACTION-MANIFEST REFRACTION-MANIFEST REFRACTION-RIGHT DIST VA','20/60+2',NULL,'2018-01-29 00:00:00'),
    (24537535,36440,'FINDINGS-TESTS-EYES-VISUAL ACUITY-VA-METHOD-REFRACTION-MANIFEST REFRACTION-MANIFEST REFRACTION-LEFT DIST VA','20/400',NULL,'2018-01-29 00:00:00'),
    (24537537,36440,'FINDINGS-TESTS-EYES-VISUAL ACUITY-VA-METHOD-REFRACTION-MANIFEST REFRACTION','No improvement with refraction.',NULL,'2018-01-29 00:00:00'),
    (24537640,36440,'FINDINGS-TESTS-EYES-TONOMETRY-IOP-INTRAOCULAR PRESSURE-RIGHT','18',NULL,'2018-01-31 00:00:00'),
    (24537641,36440,'FINDINGS-TESTS-EYES-TONOMETRY-IOP-INTRAOCULAR PRESSURE-LEFT','23',NULL,'2018-01-31 00:00:00'),
    (24537953,36440,'FINDINGS-TESTS-EYES-TONOMETRY-IOP-INTRAOCULAR PRESSURE-RIGHT','15',NULL,'2018-02-28 00:00:00'),
    (24537954,36440,'FINDINGS-TESTS-EYES-TONOMETRY-IOP-INTRAOCULAR PRESSURE-LEFT','20',NULL,'2018-02-28 00:00:00'),
    (24538381,36440,'FINDINGS-TESTS-EYES-TONOMETRY-IOP-INTRAOCULAR PRESSURE-RIGHT','14',NULL,'2018-04-23 00:00:00'),
    (24538382,36440,'FINDINGS-TESTS-EYES-TONOMETRY-IOP-INTRAOCULAR PRESSURE-LEFT','21',NULL,'2018-04-23 00:00:00'),
    (24538570,36440,'FINDINGS-TESTS-EYES-TONOMETRY-IOP-INTRAOCULAR PRESSURE-RIGHT','18',NULL,'2018-05-30 00:00:00'),
    (24538571,36440,'FINDINGS-TESTS-EYES-TONOMETRY-IOP-INTRAOCULAR PRESSURE-LEFT','21',NULL,'2018-05-30 00:00:00'),
    (24538683,36440,'FINDINGS-TESTS-EYES-TONOMETRY-IOP-INTRAOCULAR PRESSURE-RIGHT','12',NULL,'2018-06-04 00:00:00'),
    (24538684,36440,'FINDINGS-TESTS-EYES-TONOMETRY-IOP-INTRAOCULAR PRESSURE-LEFT','17',NULL,'2018-06-04 00:00:00'),
    (24538800,36440,'FINDINGS-TESTS-EYES-TONOMETRY-IOP-INTRAOCULAR PRESSURE-RIGHT','15',NULL,'2018-07-11 00:00:00'),
    (24538801,36440,'FINDINGS-TESTS-EYES-TONOMETRY-IOP-INTRAOCULAR PRESSURE-LEFT','23',NULL,'2018-07-11 00:00:00'),
    (30054141,50765,'FINDINGS-TESTS-EYES-TONOMETRY-IOP-INTRAOCULAR PRESSURE-RIGHT','20',NULL,'2019-07-12 00:00:00'),
    (30054338,50765,'FINDINGS-TESTS-EYES-TONOMETRY-IOP-INTRAOCULAR PRESSURE-RIGHT','16',NULL,'2019-05-17 00:00:00'),
    (30054342,50765,'FINDINGS-TESTS-EYES-TONOMETRY-IOP-INTRAOCULAR PRESSURE-RIGHT','22',NULL,'2019-07-05 00:00:00'),
    (30054345,50765,'FINDINGS-TESTS-EYES-TONOMETRY-IOP-INTRAOCULAR PRESSURE-LEFT','16',NULL,'2019-05-03 00:00:00'),
    (30054367,50765,'FINDINGS-TESTS-EYES-TONOMETRY-IOP-INTRAOCULAR PRESSURE-RIGHT','13',NULL,'2019-03-08 00:00:00'),
    (30054370,50765,'FINDINGS-TESTS-EYES-TONOMETRY-IOP-INTRAOCULAR PRESSURE-RIGHT','15',NULL,'2019-05-03 00:00:00'),
    (30054381,50765,'FINDINGS-TESTS-EYES-TONOMETRY-IOP-INTRAOCULAR PRESSURE-LEFT','11',NULL,'2019-03-08 00:00:00'),
    (30054405,50765,'FINDINGS-TESTS-EYES-TONOMETRY-IOP-INTRAOCULAR PRESSURE-LEFT','16',NULL,'2019-05-17 00:00:00'),
    (30054533,50765,'FINDINGS-TESTS-EYES-TONOMETRY-IOP-INTRAOCULAR PRESSURE-LEFT','17',NULL,'2018-02-02 00:00:00'),
    (30054943,50765,'FINDINGS-TESTS-EYES-TONOMETRY-IOP-INTRAOCULAR PRESSURE-LEFT','12',NULL,'2018-02-27 00:00:00'),
    (30055086,50765,'FINDINGS-TESTS-EYES-TONOMETRY-IOP-INTRAOCULAR PRESSURE-RIGHT','14',NULL,'2018-02-27 00:00:00'),
    (30055336,50765,'FINDINGS-TESTS-EYES-TONOMETRY-IOP-INTRAOCULAR PRESSURE-RIGHT','14',NULL,'2018-02-02 00:00:00'),
    (30055463,50765,'FINDINGS-TESTS-EYES-VISUAL ACUITY-VA-METHOD-REFRACTION-MANIFEST REFRACTION-MANIFEST REFRACTION-RIGHT DIST VA','20/250',NULL,'2019-03-08 00:00:00'),
    (30055464,50765,'FINDINGS-TESTS-EYES-VISUAL ACUITY-VA-METHOD-REFRACTION-MANIFEST REFRACTION-MANIFEST REFRACTION-LEFT NEAR VA','20/30',NULL,'2019-03-08 00:00:00'),
    (30055520,50765,'FINDINGS-TESTS-EYES-VISUAL ACUITY-VA-METHOD-REFRACTION-MANIFEST REFRACTION-MANIFEST REFRACTION-LEFT DIST VA','20/40-2',NULL,'2019-03-08 00:00:00'),
    (30055722,50765,'FINDINGS-TESTS-EYES-VISUAL ACUITY-VA-METHOD-REFRACTION-MANIFEST REFRACTION-MANIFEST REFRACTION-RIGHT DIST VA','20/150',NULL,'2019-05-17 00:00:00'),
    (30055724,50765,'FINDINGS-TESTS-EYES-VISUAL ACUITY-VA-METHOD-REFRACTION-MANIFEST REFRACTION-MANIFEST REFRACTION-LEFT DIST VA','20/40-',NULL,'2019-05-17 00:00:00'),
    (30055891,50765,'FINDINGS-TESTS-EYES-VISUAL ACUITY-VA-METHOD-REFRACTION-MANIFEST REFRACTION-MANIFEST REFRACTION-RIGHT DIST VA','20/30',NULL,'2019-07-12 00:00:00'),
    (30057769,50765,'FINDINGS-TESTS-EYES-TONOMETRY-IOP-INTRAOCULAR PRESSURE-LEFT','13',NULL,'2012-05-16 00:00:00'),
    (30058183,50765,'FINDINGS-TESTS-EYES-TONOMETRY-IOP-INTRAOCULAR PRESSURE-LEFT','14',NULL,'2012-02-09 00:00:00'),
    (30058266,50765,'FINDINGS-TESTS-EYES-TONOMETRY-IOP-INTRAOCULAR PRESSURE-LEFT','14',NULL,'2012-02-15 00:00:00'),
    (30058448,50765,'FINDINGS-TESTS-EYES-TONOMETRY-IOP-INTRAOCULAR PRESSURE-LEFT','12',NULL,'2009-11-28 00:00:00'),
    (30058499,50765,'FINDINGS-TESTS-EYES-TONOMETRY-IOP-INTRAOCULAR PRESSURE-LEFT','18',NULL,'2011-11-24 00:00:00'),
    (30058652,50765,'FINDINGS-TESTS-EYES-TONOMETRY-IOP-INTRAOCULAR PRESSURE-LEFT','16',NULL,'2012-07-06 00:00:00'),
    (30058708,50765,'FINDINGS-TESTS-EYES-TONOMETRY-IOP-INTRAOCULAR PRESSURE-LEFT','16',NULL,'2012-06-06 00:00:00'),
    (30059343,50765,'FINDINGS-TESTS-EYES-TONOMETRY-IOP-INTRAOCULAR PRESSURE-RIGHT','11',NULL,'2010-11-25 00:00:00'),
    (30059348,50765,'FINDINGS-TESTS-EYES-TONOMETRY-IOP-INTRAOCULAR PRESSURE-RIGHT','18',NULL,'2011-11-24 00:00:00'),
    (30059420,50765,'FINDINGS-TESTS-EYES-TONOMETRY-IOP-INTRAOCULAR PRESSURE-LEFT','18',NULL,'2012-08-24 00:00:00'),
    (30059577,50765,'FINDINGS-TESTS-EYES-TONOMETRY-IOP-INTRAOCULAR PRESSURE-LEFT','18',NULL,'2011-12-02 00:00:00'),
    (30059612,50765,'FINDINGS-TESTS-EYES-TONOMETRY-IOP-INTRAOCULAR PRESSURE-LEFT','15',NULL,'2010-11-25 00:00:00'),
    (30059640,50765,'FINDINGS-TESTS-EYES-TONOMETRY-IOP-INTRAOCULAR PRESSURE-RIGHT','16',NULL,'2011-12-15 00:00:00'),
    (30059937,50765,'FINDINGS-TESTS-EYES-TONOMETRY-IOP-INTRAOCULAR PRESSURE-LEFT','16',NULL,'2011-12-15 00:00:00'),
    (30059946,50765,'FINDINGS-TESTS-EYES-TONOMETRY-IOP-INTRAOCULAR PRESSURE-RIGHT','17',NULL,'2011-12-02 00:00:00'),
    (30059969,50765,'FINDINGS-TESTS-EYES-TONOMETRY-IOP-INTRAOCULAR PRESSURE-RIGHT','15',NULL,'2013-02-22 00:00:00'),
    (30059970,50765,'FINDINGS-TESTS-EYES-TONOMETRY-IOP-INTRAOCULAR PRESSURE-LEFT','16',NULL,'2013-02-22 00:00:00'),
    (30060073,50765,'FINDINGS-TESTS-EYES-TONOMETRY-IOP-INTRAOCULAR PRESSURE-RIGHT','15',NULL,'2012-03-15 00:00:00'),
    (30060076,50765,'FINDINGS-TESTS-EYES-TONOMETRY-IOP-INTRAOCULAR PRESSURE-LEFT','18',NULL,'2012-03-16 00:00:00'),
    (30060096,50765,'FINDINGS-TESTS-EYES-TONOMETRY-IOP-INTRAOCULAR PRESSURE-LEFT','17',NULL,'2012-03-15 00:00:00'),
    (30060108,50765,'FINDINGS-TESTS-EYES-TONOMETRY-IOP-INTRAOCULAR PRESSURE-RIGHT','17',NULL,'2012-03-16 00:00:00'),
    (30060169,50765,'FINDINGS-TESTS-EYES-TONOMETRY-IOP-INTRAOCULAR PRESSURE-LEFT','15',NULL,'2012-04-27 00:00:00'),
    (30060182,50765,'FINDINGS-TESTS-EYES-TONOMETRY-IOP-INTRAOCULAR PRESSURE-RIGHT','13',NULL,'2012-04-27 00:00:00'),
    (30060190,50765,'FINDINGS-TESTS-EYES-TONOMETRY-IOP-INTRAOCULAR PRESSURE-LEFT','18',NULL,'2012-05-09 00:00:00'),
    (30060295,50765,'FINDINGS-TESTS-EYES-VISUAL ACUITY-VA-METHOD-REFRACTION-MANIFEST REFRACTION-MANIFEST REFRACTION-LEFT DIST VA','20/40-1',NULL,'2018-02-27 00:00:00'),
    (30060311,50765,'FINDINGS-TESTS-EYES-TONOMETRY-IOP-INTRAOCULAR PRESSURE-RIGHT','15',NULL,'2009-11-28 00:00:00'),
    (30060890,50765,'FINDINGS-TESTS-EYES-VISUAL ACUITY-VA-METHOD-REFRACTION-MANIFEST REFRACTION-MANIFEST REFRACTION-RIGHT NEAR VA','J16',NULL,'2018-02-27 00:00:00'),
    (30061018,50765,'FINDINGS-TESTS-EYES-VISUAL ACUITY-VA-METHOD-REFRACTION-MANIFEST REFRACTION','Can see the difference at distance os ',NULL,'2018-02-27 00:00:00'),
    (30061203,50765,'FINDINGS-TESTS-EYES-VISUAL ACUITY-VA-METHOD-REFRACTION-MANIFEST REFRACTION-MANIFEST REFRACTION-RIGHT DIST VA','20/50-',NULL,'2018-02-02 00:00:00'),
    (30061317,50765,'FINDINGS-TESTS-EYES-VISUAL ACUITY-VA-METHOD-REFRACTION-MANIFEST REFRACTION-MANIFEST REFRACTION-RIGHT DIST VA','20/125',NULL,'2018-02-27 00:00:00'),
    (30061320,50765,'FINDINGS-TESTS-EYES-VISUAL ACUITY-VA-METHOD-REFRACTION-MANIFEST REFRACTION-MANIFEST REFRACTION-LEFT NEAR VA','J2',NULL,'2018-02-27 00:00:00'),
    (30066540,50765,'FINDINGS-TESTS-EYES-VISUAL ACUITY-VA-METHOD-REFRACTION-MANIFEST REFRACTION-MANIFEST REFRACTION-LEFT DIST VA','20/50-2',NULL,'2012-02-15 00:00:00'),
    (30067837,50765,'FINDINGS-TESTS-EYES-VISUAL ACUITY-VA-METHOD-REFRACTION-MANIFEST REFRACTION','Defers refraction-saw optom 2mo ago and has new glasses',NULL,'2013-02-22 00:00:00'),
    (30068663,50765,'FINDINGS-TESTS-EYES-VISUAL ACUITY-VA-METHOD-REFRACTION-MANIFEST REFRACTION-MANIFEST REFRACTION-RIGHT DIST VA','20/20',NULL,'2011-11-24 00:00:00'),
    (30068781,50765,'FINDINGS-TESTS-EYES-VISUAL ACUITY-VA-METHOD-REFRACTION-MANIFEST REFRACTION-MANIFEST REFRACTION-LEFT DIST VA','20/60',NULL,'2011-11-24 00:00:00'),
    (30073163,50765,'FINDINGS-TESTS-EYES-VISUAL ACUITY-VA-METHOD-REFRACTION-MANIFEST REFRACTION-MANIFEST REFRACTION-RIGHT NEAR VA','20/30',NULL,'2019-03-08 00:00:00'),
    (34273424,53754,'FINDINGS-TESTS-EYES-TONOMETRY-IOP-INTRAOCULAR PRESSURE-LEFT','12',NULL,'2014-07-24 00:00:00'),
    (34274492,53754,'FINDINGS-TESTS-EYES-TONOMETRY-IOP-INTRAOCULAR PRESSURE-RIGHT','14',NULL,'2014-07-24 00:00:00'),
    (34287867,53754,'FINDINGS-TESTS-EYES-TONOMETRY-IOP-INTRAOCULAR PRESSURE-RIGHT','13',NULL,'2018-06-26 00:00:00'),
    (34287868,53754,'FINDINGS-TESTS-EYES-TONOMETRY-IOP-INTRAOCULAR PRESSURE-LEFT','12',NULL,'2018-06-26 00:00:00'),
    (39025283,59153,'FINDINGS-TESTS-EYES-TONOMETRY-IOP-INTRAOCULAR PRESSURE-LEFT','19',NULL,'2015-07-11 00:00:00'),
    (39025349,59153,'FINDINGS-TESTS-EYES-TONOMETRY-IOP-INTRAOCULAR PRESSURE-RIGHT','17',NULL,'2015-07-11 00:00:00'),
    (40692938,64153,'FINDINGS-TESTS-EYES-TONOMETRY-IOP-INTRAOCULAR PRESSURE-RIGHT','23',NULL,'2017-08-13 00:00:00'),
    (40692939,64153,'FINDINGS-TESTS-EYES-TONOMETRY-IOP-INTRAOCULAR PRESSURE-LEFT','Pros',NULL,'2017-08-13 00:00:00'),
    (40693451,64153,'FINDINGS-TESTS-EYES-TONOMETRY-IOP-INTRAOCULAR PRESSURE-RIGHT','18',NULL,'2017-09-10 00:00:00'),
    (40694488,64153,'FINDINGS-TESTS-EYES-TONOMETRY-IOP-INTRAOCULAR PRESSURE-RIGHT','22',NULL,'2018-01-15 00:00:00'),
    (40694489,64153,'FINDINGS-TESTS-EYES-TONOMETRY-IOP-INTRAOCULAR PRESSURE-LEFT','Pros',NULL,'2018-01-15 00:00:00'),
    (40695178,64153,'FINDINGS-TESTS-EYES-TONOMETRY-IOP-INTRAOCULAR PRESSURE-RIGHT','22',NULL,'2018-04-26 00:00:00'),
    (40856160,64656,'FINDINGS-TESTS-EYES-TONOMETRY-IOP-INTRAOCULAR PRESSURE-RIGHT','18',NULL,'2017-12-18 00:00:00'),
    (40856193,64656,'FINDINGS-TESTS-EYES-TONOMETRY-IOP-INTRAOCULAR PRESSURE-RIGHT','10',NULL,'2018-01-01 00:00:00'),
    (40856200,64656,'FINDINGS-TESTS-EYES-TONOMETRY-IOP-INTRAOCULAR PRESSURE-LEFT','11',NULL,'2017-12-09 00:00:00'),
    (40856201,64656,'FINDINGS-TESTS-EYES-TONOMETRY-IOP-INTRAOCULAR PRESSURE-LEFT','12',NULL,'2017-12-09 00:00:00'),
    (40856216,64656,'FINDINGS-TESTS-EYES-TONOMETRY-IOP-INTRAOCULAR PRESSURE-RIGHT','16',NULL,'2018-04-23 00:00:00'),
    (40856222,64656,'FINDINGS-TESTS-EYES-TONOMETRY-IOP-INTRAOCULAR PRESSURE-LEFT','14',NULL,'2018-05-23 00:00:00'),
    (40856244,64656,'FINDINGS-TESTS-EYES-TONOMETRY-IOP-INTRAOCULAR PRESSURE-LEFT','14',NULL,'2018-04-23 00:00:00'),
    (40856252,64656,'FINDINGS-TESTS-EYES-TONOMETRY-IOP-INTRAOCULAR PRESSURE-LEFT','14',NULL,'2018-01-31 00:00:00'),
    (40856260,64656,'FINDINGS-TESTS-EYES-TONOMETRY-IOP-INTRAOCULAR PRESSURE-RIGHT','16',NULL,'2018-08-05 00:00:00'),
    (40856292,64656,'FINDINGS-TESTS-EYES-TONOMETRY-IOP-INTRAOCULAR PRESSURE-LEFT','8',NULL,'2018-03-24 00:00:00'),
    (40856293,64656,'FINDINGS-TESTS-EYES-TONOMETRY-IOP-INTRAOCULAR PRESSURE-LEFT','14',NULL,'2017-11-22 00:00:00'),
    (40856298,64656,'FINDINGS-TESTS-EYES-TONOMETRY-IOP-INTRAOCULAR PRESSURE-LEFT','9',NULL,'2018-03-10 00:00:00'),
    (40856299,64656,'FINDINGS-TESTS-EYES-TONOMETRY-IOP-INTRAOCULAR PRESSURE-LEFT','12',NULL,'2018-03-10 00:00:00'),
    (40856325,64656,'FINDINGS-TESTS-EYES-TONOMETRY-IOP-INTRAOCULAR PRESSURE-RIGHT','16',NULL,'2017-11-22 00:00:00'),
    (40856346,64656,'FINDINGS-TESTS-EYES-TONOMETRY-IOP-INTRAOCULAR PRESSURE-RIGHT','14',NULL,'2018-05-23 00:00:00'),
    (40856348,64656,'FINDINGS-TESTS-EYES-TONOMETRY-IOP-INTRAOCULAR PRESSURE-LEFT','10',NULL,'2017-11-14 00:00:00'),
    (40856357,64656,'FINDINGS-TESTS-EYES-TONOMETRY-IOP-INTRAOCULAR PRESSURE-RIGHT','12',NULL,'2017-12-09 00:00:00'),
    (40856358,64656,'FINDINGS-TESTS-EYES-TONOMETRY-IOP-INTRAOCULAR PRESSURE-RIGHT','15',NULL,'2017-12-09 00:00:00'),
    (40856364,64656,'FINDINGS-TESTS-EYES-TONOMETRY-IOP-INTRAOCULAR PRESSURE-LEFT','14',NULL,'2017-11-20 00:00:00'),
    (40856381,64656,'FINDINGS-TESTS-EYES-TONOMETRY-IOP-INTRAOCULAR PRESSURE-RIGHT','27',NULL,'2017-11-20 00:00:00'),
    (40856392,64656,'FINDINGS-TESTS-EYES-TONOMETRY-IOP-INTRAOCULAR PRESSURE-RIGHT','26',NULL,'2017-11-14 00:00:00'),
    (40856393,64656,'FINDINGS-TESTS-EYES-TONOMETRY-IOP-INTRAOCULAR PRESSURE-RIGHT','30',NULL,'2017-11-14 00:00:00'),
    (40856394,64656,'FINDINGS-TESTS-EYES-TONOMETRY-IOP-INTRAOCULAR PRESSURE-RIGHT','33',NULL,'2017-11-14 00:00:00'),
    (40856395,64656,'FINDINGS-TESTS-EYES-TONOMETRY-IOP-INTRAOCULAR PRESSURE-RIGHT','34',NULL,'2017-11-14 00:00:00'),
    (40856420,64656,'FINDINGS-TESTS-EYES-TONOMETRY-IOP-INTRAOCULAR PRESSURE-RIGHT','16',NULL,'2018-01-31 00:00:00'),
    (40856437,64656,'FINDINGS-TESTS-EYES-TONOMETRY-IOP-INTRAOCULAR PRESSURE-RIGHT','10',NULL,'2018-03-10 00:00:00'),
    (40856438,64656,'FINDINGS-TESTS-EYES-TONOMETRY-IOP-INTRAOCULAR PRESSURE-RIGHT','12',NULL,'2018-03-10 00:00:00'),
    (40856446,64656,'FINDINGS-TESTS-EYES-TONOMETRY-IOP-INTRAOCULAR PRESSURE-RIGHT','12',NULL,'2018-03-24 00:00:00'),
    (40856467,64656,'FINDINGS-TESTS-EYES-TONOMETRY-IOP-INTRAOCULAR PRESSURE-LEFT','13',NULL,'2018-08-05 00:00:00'),
    (40856498,64656,'FINDINGS-TESTS-EYES-TONOMETRY-IOP-INTRAOCULAR PRESSURE-LEFT','13',NULL,'2018-01-01 00:00:00');
INSERT INTO smart_data_deid VALUES
    (40856499,64656,'FINDINGS-TESTS-EYES-TONOMETRY-IOP-INTRAOCULAR PRESSURE-LEFT','14',NULL,'2017-12-18 00:00:00'),
    (40856534,64656,'FINDINGS-TESTS-EYES-TONOMETRY-IOP-INTRAOCULAR PRESSURE-RIGHT','13',NULL,'2018-09-30 00:00:00'),
    (40856559,64656,'FINDINGS-TESTS-EYES-TONOMETRY-IOP-INTRAOCULAR PRESSURE-LEFT','10',NULL,'2018-09-30 00:00:00'),
    (40857727,64656,'FINDINGS-TESTS-EYES-TONOMETRY-IOP-INTRAOCULAR PRESSURE-RIGHT','19',NULL,'2018-12-08 00:00:00'),
    (40857728,64656,'FINDINGS-TESTS-EYES-TONOMETRY-IOP-INTRAOCULAR PRESSURE-LEFT','9',NULL,'2018-12-08 00:00:00'),
    (40857888,64656,'FINDINGS-TESTS-EYES-TONOMETRY-IOP-INTRAOCULAR PRESSURE-RIGHT','20',NULL,'2019-02-09 00:00:00'),
    (40857889,64656,'FINDINGS-TESTS-EYES-TONOMETRY-IOP-INTRAOCULAR PRESSURE-LEFT','12',NULL,'2019-02-09 00:00:00'),
    (40857919,64656,'FINDINGS-TESTS-EYES-TONOMETRY-IOP-INTRAOCULAR PRESSURE-RIGHT','19',NULL,'2019-02-19 00:00:00'),
    (40857920,64656,'FINDINGS-TESTS-EYES-TONOMETRY-IOP-INTRAOCULAR PRESSURE-LEFT','10',NULL,'2019-02-19 00:00:00'),
    (40857933,64656,'FINDINGS-TESTS-EYES-VISUAL ACUITY-VA-METHOD-REFRACTION-MANIFEST REFRACTION-MANIFEST REFRACTION-LEFT DIST VA','20/60-2',NULL,'2019-02-19 00:00:00'),
    (40857968,64656,'FINDINGS-TESTS-EYES-VISUAL ACUITY-VA-METHOD-REFRACTION-MANIFEST REFRACTION-MANIFEST REFRACTION-RIGHT DIST VA','NI',NULL,'2019-02-19 00:00:00'),
    (40857969,64656,'FINDINGS-TESTS-EYES-VISUAL ACUITY-VA-METHOD-REFRACTION-MANIFEST REFRACTION','Pt not taking any cyl. ',NULL,'2019-02-19 00:00:00'),
    (40858939,64656,'FINDINGS-TESTS-EYES-TONOMETRY-IOP-INTRAOCULAR PRESSURE-RIGHT','18',NULL,'2019-03-06 00:00:00'),
    (40858940,64656,'FINDINGS-TESTS-EYES-TONOMETRY-IOP-INTRAOCULAR PRESSURE-RIGHT','20',NULL,'2019-03-06 00:00:00'),
    (40858941,64656,'FINDINGS-TESTS-EYES-TONOMETRY-IOP-INTRAOCULAR PRESSURE-LEFT','10',NULL,'2019-03-06 00:00:00'),
    (40858942,64656,'FINDINGS-TESTS-EYES-TONOMETRY-IOP-INTRAOCULAR PRESSURE-LEFT','14',NULL,'2019-03-06 00:00:00'),
    (40859470,64656,'FINDINGS-TESTS-EYES-TONOMETRY-IOP-INTRAOCULAR PRESSURE-RIGHT','9',NULL,'2019-03-30 00:00:00'),
    (40859471,64656,'FINDINGS-TESTS-EYES-TONOMETRY-IOP-INTRAOCULAR PRESSURE-LEFT','7',NULL,'2019-03-30 00:00:00'),
    (40859620,64656,'FINDINGS-TESTS-EYES-TONOMETRY-IOP-INTRAOCULAR PRESSURE-RIGHT','12',NULL,'2019-04-03 00:00:00'),
    (40859621,64656,'FINDINGS-TESTS-EYES-TONOMETRY-IOP-INTRAOCULAR PRESSURE-LEFT','9',NULL,'2019-04-03 00:00:00'),
    (40859693,64656,'FINDINGS-TESTS-EYES-TONOMETRY-IOP-INTRAOCULAR PRESSURE-RIGHT','19',NULL,'2019-04-14 00:00:00'),
    (40859694,64656,'FINDINGS-TESTS-EYES-TONOMETRY-IOP-INTRAOCULAR PRESSURE-LEFT','12',NULL,'2019-04-14 00:00:00'),
    (40859955,64656,'FINDINGS-TESTS-EYES-TONOMETRY-IOP-INTRAOCULAR PRESSURE-RIGHT','34',NULL,'2019-05-18 00:00:00'),
    (40859956,64656,'FINDINGS-TESTS-EYES-TONOMETRY-IOP-INTRAOCULAR PRESSURE-RIGHT','38',NULL,'2019-05-18 00:00:00'),
    (40859957,64656,'FINDINGS-TESTS-EYES-TONOMETRY-IOP-INTRAOCULAR PRESSURE-LEFT','14',NULL,'2019-05-18 00:00:00'),
    (40860126,64656,'FINDINGS-TESTS-EYES-TONOMETRY-IOP-INTRAOCULAR PRESSURE-RIGHT','20',NULL,'2019-06-03 00:00:00'),
    (40860127,64656,'FINDINGS-TESTS-EYES-TONOMETRY-IOP-INTRAOCULAR PRESSURE-LEFT','10',NULL,'2019-06-03 00:00:00'),
    (40860243,64656,'FINDINGS-TESTS-EYES-TONOMETRY-IOP-INTRAOCULAR PRESSURE-RIGHT','22',NULL,'2019-06-04 00:00:00'),
    (40860244,64656,'FINDINGS-TESTS-EYES-TONOMETRY-IOP-INTRAOCULAR PRESSURE-LEFT','11',NULL,'2019-06-04 00:00:00'),
    (41341933,66172,'FINDINGS-TESTS-EYES-VISUAL ACUITY-VA-METHOD-REFRACTION-MANIFEST REFRACTION-MANIFEST REFRACTION-RIGHT DIST VA','20/20-3',NULL,'2020-04-10 00:00:00'),
    (41341936,66172,'FINDINGS-TESTS-EYES-VISUAL ACUITY-VA-METHOD-REFRACTION-MANIFEST REFRACTION-MANIFEST REFRACTION-LEFT DIST VA','20/40',NULL,'2020-04-10 00:00:00'),
    (41342232,66172,'FINDINGS-TESTS-EYES-TONOMETRY-IOP-INTRAOCULAR PRESSURE-RIGHT','26',NULL,'2020-04-10 00:00:00'),
    (41342233,66172,'FINDINGS-TESTS-EYES-TONOMETRY-IOP-INTRAOCULAR PRESSURE-LEFT','16',NULL,'2020-04-10 00:00:00'),
    (41342367,66166,'FINDINGS-TESTS-EYES-TONOMETRY-IOP-INTRAOCULAR PRESSURE-RIGHT','12',NULL,'2018-09-30 00:00:00'),
    (41342368,66166,'FINDINGS-TESTS-EYES-TONOMETRY-IOP-INTRAOCULAR PRESSURE-LEFT','13',NULL,'2018-09-30 00:00:00'),
    (41342737,66172,'FINDINGS-TESTS-EYES-TONOMETRY-IOP-INTRAOCULAR PRESSURE-RIGHT','37',NULL,'2020-05-01 00:00:00'),
    (41342738,66172,'FINDINGS-TESTS-EYES-TONOMETRY-IOP-INTRAOCULAR PRESSURE-LEFT','38',NULL,'2020-05-01 00:00:00'),
    (41343078,66172,'FINDINGS-TESTS-EYES-TONOMETRY-IOP-INTRAOCULAR PRESSURE-RIGHT','17',NULL,'2020-05-08 00:00:00'),
    (41343079,66172,'FINDINGS-TESTS-EYES-TONOMETRY-IOP-INTRAOCULAR PRESSURE-LEFT','15',NULL,'2020-05-08 00:00:00'),
    (41343427,66172,'FINDINGS-TESTS-EYES-TONOMETRY-IOP-INTRAOCULAR PRESSURE-RIGHT','24',NULL,'2020-06-19 00:00:00'),
    (41343428,66172,'FINDINGS-TESTS-EYES-TONOMETRY-IOP-INTRAOCULAR PRESSURE-RIGHT','27',NULL,'2020-06-19 00:00:00'),
    (41343429,66172,'FINDINGS-TESTS-EYES-TONOMETRY-IOP-INTRAOCULAR PRESSURE-LEFT','16',NULL,'2020-06-19 00:00:00'),
    (41343430,66172,'FINDINGS-TESTS-EYES-TONOMETRY-IOP-INTRAOCULAR PRESSURE-LEFT','20',NULL,'2020-06-19 00:00:00'),
    (41343438,66172,'FINDINGS-TESTS-EYES-VISUAL ACUITY-VA-METHOD-REFRACTION-MANIFEST REFRACTION-MANIFEST REFRACTION-RIGHT DIST VA','20/30+2',NULL,'2020-06-19 00:00:00'),
    (41343441,66172,'FINDINGS-TESTS-EYES-VISUAL ACUITY-VA-METHOD-REFRACTION-MANIFEST REFRACTION-MANIFEST REFRACTION-LEFT DIST VA','20/40+2',NULL,'2020-06-19 00:00:00'),
    (41343605,66166,'FINDINGS-TESTS-EYES-TONOMETRY-IOP-INTRAOCULAR PRESSURE-RIGHT','10',NULL,'2019-01-25 00:00:00'),
    (41343606,66166,'FINDINGS-TESTS-EYES-TONOMETRY-IOP-INTRAOCULAR PRESSURE-LEFT','10',NULL,'2019-01-25 00:00:00'),
    (41343684,66172,'FINDINGS-TESTS-EYES-TONOMETRY-IOP-INTRAOCULAR PRESSURE-RIGHT','19',NULL,'2020-08-12 00:00:00'),
    (41343685,66172,'FINDINGS-TESTS-EYES-TONOMETRY-IOP-INTRAOCULAR PRESSURE-LEFT','22',NULL,'2020-08-12 00:00:00'),
    (41343917,66172,'FINDINGS-TESTS-EYES-TONOMETRY-IOP-INTRAOCULAR PRESSURE-RIGHT','28',NULL,'2020-09-23 00:00:00'),
    (41343918,66172,'FINDINGS-TESTS-EYES-TONOMETRY-IOP-INTRAOCULAR PRESSURE-RIGHT','31',NULL,'2020-09-23 00:00:00'),
    (41343919,66172,'FINDINGS-TESTS-EYES-TONOMETRY-IOP-INTRAOCULAR PRESSURE-RIGHT','38',NULL,'2020-09-23 00:00:00'),
    (41343920,66172,'FINDINGS-TESTS-EYES-TONOMETRY-IOP-INTRAOCULAR PRESSURE-LEFT','27',NULL,'2020-09-23 00:00:00'),
    (41343921,66172,'FINDINGS-TESTS-EYES-TONOMETRY-IOP-INTRAOCULAR PRESSURE-LEFT','32',NULL,'2020-09-23 00:00:00'),
    (41343922,66172,'FINDINGS-TESTS-EYES-TONOMETRY-IOP-INTRAOCULAR PRESSURE-LEFT','39',NULL,'2020-09-23 00:00:00'),
    (41344006,66172,'FINDINGS-TESTS-EYES-TONOMETRY-IOP-INTRAOCULAR PRESSURE-RIGHT','42',NULL,'2020-10-10 00:00:00'),
    (41344007,66172,'FINDINGS-TESTS-EYES-TONOMETRY-IOP-INTRAOCULAR PRESSURE-LEFT','46',NULL,'2020-10-10 00:00:00'),
    (41344214,66172,'FINDINGS-TESTS-EYES-TONOMETRY-IOP-INTRAOCULAR PRESSURE-RIGHT','31',NULL,'2020-10-13 00:00:00'),
    (41344215,66172,'FINDINGS-TESTS-EYES-TONOMETRY-IOP-INTRAOCULAR PRESSURE-LEFT','28',NULL,'2020-10-13 00:00:00'),
    (41344278,66172,'FINDINGS-TESTS-EYES-TONOMETRY-IOP-INTRAOCULAR PRESSURE-RIGHT','47',NULL,'2020-10-21 00:00:00'),
    (41344279,66172,'FINDINGS-TESTS-EYES-TONOMETRY-IOP-INTRAOCULAR PRESSURE-LEFT','44',NULL,'2020-10-21 00:00:00'),
    (41344344,66172,'FINDINGS-TESTS-EYES-TONOMETRY-IOP-INTRAOCULAR PRESSURE-RIGHT','16',NULL,'2020-10-22 00:00:00'),
    (41344416,66172,'FINDINGS-TESTS-EYES-TONOMETRY-IOP-INTRAOCULAR PRESSURE-LEFT',NULL,NULL,'2019-04-17 00:00:00'),
    (41344417,66172,'FINDINGS-TESTS-EYES-TONOMETRY-IOP-INTRAOCULAR PRESSURE-LEFT','32',NULL,'2020-10-22 00:00:00'),
    (41344467,66172,'FINDINGS-TESTS-EYES-TONOMETRY-IOP-INTRAOCULAR PRESSURE-RIGHT','14',NULL,'2020-10-27 00:00:00'),
    (41344468,66172,'FINDINGS-TESTS-EYES-TONOMETRY-IOP-INTRAOCULAR PRESSURE-LEFT','14',NULL,'2020-10-27 00:00:00'),
    (41344469,66172,'FINDINGS-TESTS-EYES-TONOMETRY-IOP-INTRAOCULAR PRESSURE-LEFT','16',NULL,'2020-10-27 00:00:00'),
    (41344559,66172,'FINDINGS-TESTS-EYES-TONOMETRY-IOP-INTRAOCULAR PRESSURE-RIGHT','10',NULL,'2020-11-05 00:00:00'),
    (41344560,66172,'FINDINGS-TESTS-EYES-TONOMETRY-IOP-INTRAOCULAR PRESSURE-LEFT','11',NULL,'2020-11-05 00:00:00'),
    (41344742,66172,'FINDINGS-TESTS-EYES-VISUAL ACUITY-VA-METHOD-REFRACTION-MANIFEST REFRACTION-MANIFEST REFRACTION-RIGHT DIST VA','20/30-2',NULL,'2020-11-21 00:00:00'),
    (41344746,66172,'FINDINGS-TESTS-EYES-VISUAL ACUITY-VA-METHOD-REFRACTION-MANIFEST REFRACTION-MANIFEST REFRACTION-LEFT DIST VA','20/40-2',NULL,'2020-11-21 00:00:00'),
    (41344750,66172,'FINDINGS-TESTS-EYES-TONOMETRY-IOP-INTRAOCULAR PRESSURE-RIGHT','18',NULL,'2020-11-21 00:00:00'),
    (41344751,66172,'FINDINGS-TESTS-EYES-TONOMETRY-IOP-INTRAOCULAR PRESSURE-LEFT','17',NULL,'2020-11-21 00:00:00'),
    (41344826,66172,'FINDINGS-TESTS-EYES-VISUAL ACUITY-VA-METHOD-REFRACTION-MANIFEST REFRACTION-MANIFEST REFRACTION-RIGHT DIST VA','20/20',NULL,'2020-12-08 00:00:00'),
    (41344831,66172,'FINDINGS-TESTS-EYES-VISUAL ACUITY-VA-METHOD-REFRACTION-MANIFEST REFRACTION-MANIFEST REFRACTION-LEFT DIST VA','20/40',NULL,'2020-12-08 00:00:00'),
    (41344834,66172,'FINDINGS-TESTS-EYES-VISUAL ACUITY-VA-METHOD-REFRACTION-MANIFEST REFRACTION-MANIFEST REFRACTION-RIGHT NEAR VA','J1',NULL,'2020-12-08 00:00:00'),
    (41344835,66172,'FINDINGS-TESTS-EYES-VISUAL ACUITY-VA-METHOD-REFRACTION-MANIFEST REFRACTION-MANIFEST REFRACTION-LEFT NEAR VA','J3',NULL,'2020-12-08 00:00:00'),
    (41344838,66172,'FINDINGS-TESTS-EYES-TONOMETRY-IOP-INTRAOCULAR PRESSURE-RIGHT','23',NULL,'2020-12-08 00:00:00'),
    (41344839,66172,'FINDINGS-TESTS-EYES-TONOMETRY-IOP-INTRAOCULAR PRESSURE-LEFT','16',NULL,'2020-12-08 00:00:00'),
    (41436519,66475,'FINDINGS-TESTS-EYES-TONOMETRY-IOP-INTRAOCULAR PRESSURE-RIGHT','12',NULL,'2014-05-14 00:00:00'),
    (41436520,66475,'FINDINGS-TESTS-EYES-TONOMETRY-IOP-INTRAOCULAR PRESSURE-LEFT','13',NULL,'2014-05-14 00:00:00'),
    (41436590,66475,'FINDINGS-TESTS-EYES-VISUAL ACUITY-VA-METHOD-REFRACTION-MANIFEST REFRACTION-MANIFEST REFRACTION-RIGHT DIST VA','20/20',NULL,'2014-05-14 00:00:00'),
    (41436591,66475,'FINDINGS-TESTS-EYES-VISUAL ACUITY-VA-METHOD-REFRACTION-MANIFEST REFRACTION-MANIFEST REFRACTION-LEFT DIST VA','20/25+',NULL,'2014-05-14 00:00:00'),
    (41437443,66475,'FINDINGS-TESTS-EYES-TONOMETRY-IOP-INTRAOCULAR PRESSURE-RIGHT','13',NULL,'2021-01-09 00:00:00'),
    (41437444,66475,'FINDINGS-TESTS-EYES-TONOMETRY-IOP-INTRAOCULAR PRESSURE-LEFT','13',NULL,'2021-01-09 00:00:00'),
    (41437473,66475,'FINDINGS-TESTS-EYES-VISUAL ACUITY-VA-METHOD-REFRACTION-MANIFEST REFRACTION-MANIFEST REFRACTION-RIGHT DIST VA','20/30',NULL,'2021-01-09 00:00:00'),
    (41437474,66475,'FINDINGS-TESTS-EYES-VISUAL ACUITY-VA-METHOD-REFRACTION-MANIFEST REFRACTION-MANIFEST REFRACTION-RIGHT NEAR VA','J1',NULL,'2021-01-09 00:00:00'),
    (41437478,66475,'FINDINGS-TESTS-EYES-VISUAL ACUITY-VA-METHOD-REFRACTION-MANIFEST REFRACTION-MANIFEST REFRACTION-LEFT DIST VA','20/20',NULL,'2021-01-09 00:00:00'),
    (41437479,66475,'FINDINGS-TESTS-EYES-VISUAL ACUITY-VA-METHOD-REFRACTION-MANIFEST REFRACTION-MANIFEST REFRACTION-LEFT NEAR VA','J1',NULL,'2021-01-09 00:00:00');


CREATE TABLE  visit_movement_deid (
    visit_movement_id INT,
    pt_id INT,
    department_external_name VARCHAR(100) ,
    department_name VARCHAR(50) ,
    event_start_dt DATETIME,
    event_end_dt DATETIME,
    event_type_name VARCHAR(50) ,
    event_subtype_name VARCHAR(50) ,
    patient_class_name VARCHAR(50)
);
INSERT INTO visit_movement_deid VALUES
    (3358779,59153,'RHEUM STE 14-100','RHEUM STE 14-100','2016-09-30 16:18:19','2016-09-30 16:18:19','-1','-1','-1'),
    (3358778,59153,'RHEUM STE 14-100','RHEUM STE 14-100','2016-09-30 13:58:55','2016-09-30 16:18:19','-1','-1','-1'),
    (2571099,20676,'Northwestern Memorial Emergency Department','NMH FEINBERG MEZZ ER','2017-03-11 05:47:00','2017-03-11 05:47:00','-1','-1','-1'),
    (2571100,20676,'Northwestern Memorial Hospital Laboratory Services','NMH CENTRAL SPECIMEN RECEIVING','2017-01-14 15:40:51','2100-11-28 00:00:00','-1','-1','-1'),
    (2571101,20676,'Northwestern Memorial Hospital Laboratory Services','NMH CENTRAL SPECIMEN RECEIVING','2014-08-17 23:59:00','2014-08-17 23:59:00','-1','-1','-1'),
    (2571102,20676,'Northwestern Memorial Hospital Laboratory Services','NMH CENTRAL SPECIMEN RECEIVING','2015-11-06 15:20:07','2100-11-28 00:00:00','-1','-1','-1'),
    (2571103,20676,'Northwestern Memorial Hospital Laboratory Services','NMH CENTRAL SPECIMEN RECEIVING','2015-09-17 12:17:19','2100-11-28 00:00:00','-1','-1','-1'),
    (2571104,20676,'Northwestern Memorial Hospital Laboratory Services','NMH CENTRAL SPECIMEN RECEIVING','2015-10-17 13:20:44','2100-11-28 00:00:00','-1','-1','-1'),
    (2571105,20676,'Northwestern Memorial Hospital Diagnostic Imaging','NMH GALTER XRAY','2014-08-17 09:47:19','2014-08-17 09:47:32','-1','-1','-1'),
    (2571106,20676,'NM Nuclear Cardiology','NMH NUCLEAR CARDIOLOGY','2010-12-04 14:33:16','2010-12-17 13:45:39','-1','-1','-1'),
    (2571107,20676,'Northwestern Memorial Hospital Diagnostic Imaging','NMH ARKES US','2013-05-22 16:53:34','2100-11-28 00:00:00','-1','-1','-1'),
    (2571108,20676,'Northwestern Memorial Hospital Diagnostic Imaging','NMH ARKES US','2013-05-18 10:27:12','2013-05-18 10:28:21','-1','-1','-1'),
    (4128064,66475,'NM Lynn Sage Breast Center Diagnostic Imaging','NMH PRENTICE SCREENING CTR','2016-01-22 18:08:01','2016-01-22 23:59:00','-1','-1','-1'),
    (4128063,66475,'NM Lynn Sage Breast Center Diagnostic Imaging','NMH PRENTICE SCREENING CTR','2017-01-27 18:13:12','2017-01-27 23:59:00','-1','-1','-1'),
    (4128062,66475,'OPHTHO 15TH FL','OPHTHO 15TH FL','2021-01-09 16:58:39','2103-03-25 00:00:00','-1','-1','-1'),
    (4128061,66475,'Northwestern Memorial Hospital Laboratory Services','NMH CENTRAL SPECIMEN RECEIVING','2016-08-13 23:59:00','2016-08-13 23:59:00','-1','-1','-1'),
    (4128060,66475,'NM Prentice Breast Center Diagnostic Imaging','NMH PRENTICE BREAST CTR','2009-06-20 09:11:50','2103-03-25 00:00:00','-1','-1','-1'),
    (4128059,66475,'SPEC','SPEC','2002-02-02 21:48:50','2002-02-21 18:07:25','-1','-1','-1'),
    (4128058,66475,'Prentice 14','Prentice 14','2006-11-24 15:04:09','2006-11-27 10:00:00','-1','-1','-1'),
    (4128057,66475,'NM Lynn Sage Breast Center Diagnostic Imaging','NMH PRENTICE SCREENING CTR','2016-01-22 18:04:47','2103-03-25 00:00:00','-1','-1','-1'),
    (4128056,66475,'NM Lynn Sage Breast Center Diagnostic Imaging','NMH PRENTICE SCREENING CTR','2011-12-30 23:59:00','2011-12-30 23:59:00','-1','-1','-1'),
    (4128055,66475,'Northwestern Memorial Hospital','NMH GALTER GI INTRAOP','2006-11-16 10:50:08','2006-11-18 02:35:25','-1','-1','-1'),
    (3955298,64656,'NM Arkes Diagnostic Testing Center','NMH ARKES DIAGNOSTIC TESTING CTR','2017-06-21 17:50:16','2017-06-21 17:50:52','-1','-1','-1'),
    (3955299,64656,'NM Arkes Diagnostic Testing Center','NMH ARKES DIAGNOSTIC TESTING CTR','2017-11-08 23:59:00','2017-11-08 23:59:00','-1','-1','-1'),
    (3955300,64656,'Northwestern Memorial Hospital','NMH FEINBERG 16 W','2019-09-17 23:59:00',NULL,'Census','Original','Inpatient'),
    (3955301,64656,'Northwestern Memorial Hospital Interventional and Neurointerventional Radiology','NMH INTERVENTIONAL RADIOLOGY','2014-09-08 12:32:13','2014-09-08 12:32:27','-1','-1','-1'),
    (3955302,64656,'NM Pre-Operative Assessment Clinic','NMH PRE OPERATIVE CLINIC','2017-09-11 21:16:24','2017-09-11 21:16:24','-1','-1','-1'),
    (3955303,64656,'NMFF Muse Reg','NMFF Muse Reg','2018-05-16 08:55:14','2101-08-24 00:00:00','-1','-1','-1'),
    (3955304,64656,'CARDIO-GEN STE 19-100','CARDIO-GEN STE 19-100','2019-01-27 10:51:26','2019-01-27 11:22:13','-1','-1','-1'),
    (3955305,64656,'Northwestern Memorial Emergency Department','NMH EMERGENCY DEPARTMENT','2019-03-30 17:05:35','2019-03-30 18:14:46','-1','-1','-1'),
    (3955306,64656,'Northwestern Memorial Emergency Department','NMH EMERGENCY DEPARTMENT','2019-03-04 15:11:59','2101-08-24 00:00:00','-1','-1','-1'),
    (3955307,64656,'OPHTHO 15TH FL','OPHTHO 15TH FL','2019-04-03 13:08:04','2101-08-24 00:00:00','-1','-1','-1'),
    (2525078,53754,'Galter IM','Galter IM','2011-04-12 12:20:33','2011-04-15 09:57:11','-1','-1','-1'),
    (2525077,53754,'Northwestern Memorial Hospital Laboratory Services','NMH CENTRAL SPECIMEN RECEIVING','2014-11-13 23:59:00','2014-11-13 23:59:00','-1','-1','-1'),
    (2525076,53754,'NM Prentice Breast Center Diagnostic Imaging','NMH PRENTICE BREAST CTR','2019-02-22 09:53:17','2019-02-22 23:59:00','-1','-1','-1'),
    (2525075,53754,'Northwestern Memorial Hospital Diagnostic Imaging','NMH ARKES MRI','2016-11-16 12:48:17','2101-03-18 00:00:00','-1','-1','-1'),
    (2525074,53754,'Galter IM','Galter IM','2011-09-20 07:49:35','2011-09-20 08:22:14','-1','-1','-1'),
    (2525073,53754,'Galter IM','Galter IM','2011-04-15 23:59:00','2011-04-15 23:59:00','-1','-1','-1'),
    (2525072,53754,'Northwestern Memorial Hospital Laboratory Services','NMH CENTRAL SPECIMEN RECEIVING','2014-11-13 18:00:21','2014-11-13 23:59:00','-1','-1','-1'),
    (2525071,53754,'Northwestern Memorial Hospital','NMH GALTER ECHO LAB 19','2014-12-19 13:45:44','2015-01-02 15:13:00','-1','-1','-1'),
    (2525070,53754,'Galter IM','Galter IM','2007-02-14 11:24:43','2101-03-18 00:00:00','-1','-1','-1'),
    (2525069,53754,'Galter IM','Galter IM','2012-08-28 10:57:30','2012-08-30 09:51:55','-1','-1','-1'),
    (1409941,36440,'General Radiolo','General Radiolo','2007-02-02 14:52:08','2007-02-25 18:04:46','-1','-1','-1'),
    (1409942,36440,'LIFESTYLE MEDICINE 16TH FL','LIFESTYLE MEDICINE 16TH FL','2017-12-28 13:31:53','2100-03-19 00:00:00','-1','-1','-1'),
    (1409943,36440,'Northwestern Memorial Hospital','NMH GALTER GI INTRAOP','2011-08-22 23:59:00','2011-08-22 23:59:00','-1','-1','-1'),
    (1409944,36440,'Northwestern Memorial Hospital','NMH PRENTICE SURGERY INTRAOP','2015-07-09 07:34:38','2015-07-09 23:59:00','-1','-1','-1'),
    (1409945,36440,'General Radiolo','General Radiolo','2007-03-16 11:23:31','2100-03-19 00:00:00','-1','-1','-1'),
    (1409946,36440,'NM Lynn Sage Breast Center Diagnostic Imaging','NMH PRENTICE SCREENING CTR','2017-05-11 14:59:48','2017-05-11 23:59:00','-1','-1','-1'),
    (1409947,36440,'NM Prentice Breast Center Diagnostic Imaging','NMH PRENTICE BREAST CTR','2015-07-09 07:30:22','2015-07-09 07:32:00','-1','-1','-1'),
    (1409948,36440,'OPHTHO 15TH FL','OPHTHO 15TH FL','2017-09-27 09:18:07','2017-09-27 09:18:07','-1','-1','-1'),
    (1409949,36440,'OPHTHO 15TH FL','OPHTHO 15TH FL','2018-01-31 12:23:21','2018-01-31 12:23:21','-1','-1','-1'),
    (1409950,36440,'NM Lynn Sage Breast Center Diagnostic Imaging','NMH PRENTICE SCREENING CTR','2015-04-20 10:00:54','2015-04-29 15:02:30','-1','-1','-1'),
    (1896287,50765,'Northwestern Memorial Hospital','NMH FEINBERG 14 W','2017-11-28 17:39:00','2017-12-05 14:32:00','Transfer In','Update','Observation'),
    (1896288,50765,'NM Arkes Diagnostic Testing Center','NMH ARKES DIAGNOSTIC TESTING CTR','2015-12-02 10:16:42','2015-12-02 10:17:21','-1','-1','-1'),
    (1896289,50765,'Northwestern Memorial Hospital','NMH FEINBERG 14 E','2017-04-11 23:59:00',NULL,'Census','Original','Inpatient'),
    (1896290,50765,'Northwestern Memorial Hospital','NMH FEINBERG 9 W MICU','2018-09-03 23:59:00',NULL,'Census','Original','Inpatient'),
    (1896291,50765,'Northwestern Memorial Hospital','NMH FEINBERG 14 W','2017-12-02 23:59:00',NULL,'Census','Canceled','Inpatient'),
    (1896292,50765,'Northwestern Memorial Hospital','NMH FEINBERG 13 W','2017-05-17 23:59:00',NULL,'Census','Canceled','Observation'),
    (1896293,50765,'Northwestern Memorial Hospital','NMH GALTER 13','2020-01-25 23:59:00',NULL,'Census','Original','Psych-Inpatient'),
    (1896294,50765,'Northwestern Memorial Hospital','NMH GALTER 13','2020-05-10 23:59:00',NULL,'Census','Original','Psych-Inpatient'),
    (1896295,50765,'NMH MIPES','NMH LAVIN 13TH FL XRAY','2018-06-27 07:28:31','2102-09-16 00:00:00','-1','-1','-1'),
    (1896296,50765,'OP Dialysis','OP Dialysis','2015-03-03 16:35:00','2015-03-10 16:11:19','-1','-1','-1');


